gameid,datacompleteness,url,league,year,split,playoffs,date,game,patch,participantid,side,position,playername,playerid,teamname,teamid,firstPick,champion,ban1,ban2,ban3,ban4,ban5,pick1,pick2,pick3,pick4,pick5,gamelength,result,kills,deaths,assists,teamkills,teamdeaths,doublekills,triplekills,quadrakills,pentakills,firstblood,firstbloodkill,firstbloodassist,firstbloodvictim,team kpm,ckpm,firstdragon,dragons,opp_dragons,elementaldrakes,opp_elementaldrakes,infernals,mountains,clouds,oceans,chemtechs,hextechs,dragons (type unknown),elders,opp_elders,firstherald,heralds,opp_heralds,void_grubs,opp_void_grubs,firstbaron,barons,opp_barons,atakhans,opp_atakhans,firsttower,towers,opp_towers,firstmidtower,firsttothreetowers,turretplates,opp_turretplates,inhibitors,opp_inhibitors,damagetochampions,dpm,damageshare,damagetakenperminute,damagemitigatedperminute,damagetotowers,wardsplaced,wpm,wardskilled,wcpm,controlwardsbought,visionscore,vspm,totalgold,earnedgold,earned gpm,earnedgoldshare,goldspent,gspd,gpr,total cs,minionkills,monsterkills,monsterkillsownjungle,monsterkillsenemyjungle,cspm,goldat10,xpat10,csat10,opp_goldat10,opp_xpat10,opp_csat10,golddiffat10,xpdiffat10,csdiffat10,killsat10,assistsat10,deathsat10,opp_killsat10,opp_assistsat10,opp_deathsat10,goldat15,xpat15,csat15,opp_goldat15,opp_xpat15,opp_csat15,golddiffat15,xpdiffat15,csdiffat15,killsat15,assistsat15,deathsat15,opp_killsat15,opp_assistsat15,opp_deathsat15,goldat20,xpat20,csat20,opp_goldat20,opp_xpat20,opp_csat20,golddiffat20,xpdiffat20,csdiffat20,killsat20,assistsat20,deathsat20,opp_killsat20,opp_assistsat20,opp_deathsat20,goldat25,xpat25,csat25,opp_goldat25,opp_xpat25,opp_csat25,golddiffat25,xpdiffat25,csdiffat25,killsat25,assistsat25,deathsat25,opp_killsat25,opp_assistsat25,opp_deathsat25
LOLTMNT05_171038,complete,,LIT,2026,Winter,0,2026-01-08 17:08:27,1,16.01,1,Blue,top,Diobello,oe:player:6fc7d54cb5c88a3b2054aeba60a8ad0,GMBLERS Esports,oe:team:eb2f7366b23f654102ef78cfbd9ab56,1,Gnar,Zyra,Lillia,Wukong,Veigar,Viktor,,,,,,1756,0,7,6,1,22,29,0,0,0,0,0,0,0,0,0.7517,1.7426,,,,,,,,,,,,,,,,,,,,,0,0,,,,,,,,,,0,0,21194,724.1686,0.226739,870.7175,702.4374,8005,10,0.3417,3,0.1025,0,27,0.9226,12087,8229,281.1731,0.221322,10033,,,189,187,2,,,6.4579,2647,4230,57,4017,5185,85,-1370,-955,-28,0,0,2,2,0,0,5857,8207,109,7296,8799,123,-1439,-592,-14,1,0,2,5,1,2,8993,12371,147,9225,11307,158,-232,1064,-11,5,1,3,6,4,3,10372,13489,164,11475,14049,192,-1103,-560,-28,6,1,4,7,4,4
LOLTMNT05_171038,complete,,LIT,2026,Winter,0,2026-01-08 17:08:27,1,16.01,2,Blue,jng,Mario,oe:player:df1274a25b88333180c934458717dc5,GMBLERS Esports,oe:team:eb2f7366b23f654102ef78cfbd9ab56,1,Xin Zhao,Zyra,Lillia,Wukong,Veigar,Viktor,,,,,,1756,0,5,7,3,22,29,0,0,0,0,0,0,0,0,0.7517,1.7426,,,,,,,,,,,,,,,,,,,,,0,1,,,,,,,,,,0,0,16300,556.9476,0.174382,1230.5809,709.1344,0,3,0.1025,5,0.1708,2,26,0.8884,11051,7193,245.7745,0.193459,10850,,,180,6,174,,,6.1503,3798,3685,66,3865,4143,80,-67,-458,-14,2,0,2,1,1,1,5533,5956,104,5829,6597,120,-296,-641,-16,2,1,3,2,1,2,7434,7910,129,8344,9734,164,-910,-1824,-35,3,1,5,4,1,3,9356,10417,160,9942,12089,194,-586,-1672,-34,4,2,5,4,2,3
LOLTMNT05_171038,complete,,LIT,2026,Winter,0,2026-01-08 17:08:27,1,16.01,3,Blue,mid,DejaVu,oe:player:f91df124dbb29389941a0a900e8cab6,GMBLERS Esports,oe:team:eb2f7366b23f654102ef78cfbd9ab56,1,Ahri,Zyra,Lillia,Wukong,Veigar,Viktor,,,,,,1756,0,1,6,5,22,29,0,0,0,0,0,0,0,0,0.7517,1.7426,,,,,,,,,,,,,,,,,,,,,0,0,,,,,,,,,,0,0,15244,520.8656,0.163085,644.0091,268.9749,1191,11,0.3759,13,0.4442,2,45,1.5376,9943,6085,207.9157,0.16366,10010,,,226,226,0,,,7.7221,3373,4986,86,3784,5200,103,-411,-214,-17,0,2,0,1,0,0,5453,7073,127,5452,7277,143,1,-204,-16,1,2,2,2,1,2,7439,9601,165,7564,9792,165,-125,-191,0,1,4,4,5,3,5,9044,11959,213,9377,12766,221,-333,-807,-8,1,4,4,5,3,5
LOLTMNT05_171038,complete,,LIT,2026,Winter,0,2026-01-08 17:08:27,1,16.01,4,Blue,bot,Rharesh,oe:player:bf4680a824168dbc1b4e9e038b6ccc9,GMBLERS Esports,oe:team:eb2f7366b23f654102ef78cfbd9ab56,1,Corki,Zyra,Lillia,Wukong,Veigar,Viktor,,,,,,1756,0,8,6,5,22,29,1,0,0,0,1,1,0,0,0.7517,1.7426,,,,,,,,,,,,,,,,,,,,,0,0,,,,,,,,,,0,1,31210,1066.4009,0.333893,700.6948,429.9431,8271,10,0.3417,6,0.2050,0,24,0.8200,15036,11178,381.9362,0.300635,14483,,,266,262,4,,,9.0888,4422,3726,87,3468,3609,65,954,117,22,3,0,1,2,0,2,8051,6707,124,6051,5455,92,2000,1252,32,7,1,3,4,3,3,10664,9257,176,8390,8152,140,2274,1105,36,8,3,4,4,6,3,13164,12089,232,10523,10163,194,2641,1926,38,8,3,4,4,6,4
LOLTMNT05_171038,complete,,LIT,2026,Winter,0,2026-01-08 17:08:27,1,16.01,5,Blue,sup,Shredder,oe:player:4515c41bfcadfcf2e3c5880242f99a2,GMBLERS Esports,oe:team:eb2f7366b23f654102ef78cfbd9ab56,1,Leona,Zyra,Lillia,Wukong,Veigar,Viktor,,,,,,1756,0,1,4,14,22,29,0,0,0,0,1,0,1,0,0.7517,1.7426,,,,,,,,,,,,,,,,,,,,,0,0,,,,,,,,,,0,0,9525,325.4556,0.101901,784.7494,833.6446,915,47,1.6059,11,0.3759,8,119,4.0661,8354,4496,153.6219,0.120924,7985,,,26,26,0,,,0.8884,2839,2810,13,2483,2024,13,356,786,0,0,4,1,0,1,2,4713,4670,18,3872,3831,18,841,839,0,1,7,3,0,5,3,6422,6258,25,5193,6034,21,1229,224,4,1,11,3,0,10,4,7421,7596,26,6285,7496,23,1136,100,3,1,12,3,0,11,4
LOLTMNT05_171038,complete,,LIT,2026,Winter,0,2026-01-08 17:08:27,1,16.01,6,Red,top,lobellan,oe:player:e856a4c24d5611c7f42c5acaefcf841,EKO Esports,oe:team:d455b12f2d0ae8596211073fb17c14d,0,Zaahen,Ambessa,Smolder,Syndra,Alistar,Orianna,,,,,,1756,1,11,4,6,29,22,2,0,0,0,0,0,0,0,0.9909,1.7426,,,,,,,,,,,,,,,,,,,,,0,0,,,,,,,,,,0,0,35129,1200.3075,0.356278,1511.1731,1515.9909,20922,9,0.3075,6,0.2050,1,29,0.9909,15098,11240,384.0547,0.262254,13355,,,218,206,12,,,7.4487,4017,5185,85,2647,4230,57,1370,955,28,2,0,0,0,0,2,7296,8799,123,5857,8207,109,1439,592,14,5,1,2,1,0,2,9225,11307,158,8993,12371,147,232,-1064,11,6,4,3,5,1,3,11475,14049,192,10372,13489,164,1103,560,28,7,4,4,6,1,4
LOLTMNT05_171038,complete,,LIT,2026,Winter,0,2026-01-08 17:08:27,1,16.01,7,Red,jng,Balyy,oe:player:a44ae9bfcb722ad18088def7d750319,EKO Esports,oe:team:d455b12f2d0ae8596211073fb17c14d,0,Diana,Ambessa,Smolder,Syndra,Alistar,Orianna,,,,,,1756,1,4,4,7,29,22,0,0,0,0,0,0,0,0,0.9909,1.7426,,,,,,,,,,,,,,,,,,,,,1,0,,,,,,,,,,0,0,15791,539.5558,0.160152,742.7221,963.9294,358,5,0.1708,8,0.2733,3,36,1.2301,12012,8154,278.6105,0.190252,10875,,,215,27,188,,,7.3462,3865,4143,80,3798,3685,66,67,458,14,1,1,1,2,0,2,5829,6597,120,5533,5956,104,296,641,16,2,1,2,2,1,3,8344,9734,164,7434,7910,129,910,1824,35,4,1,3,3,1,5,9942,12089,194,9356,10417,160,586,1672,34,4,2,3,4,2,5
LOLTMNT05_171038,complete,,LIT,2026,Winter,0,2026-01-08 17:08:27,1,16.01,8,Red,mid,Divine,oe:player:14bf26aa667423d1fba119e3c8a65e1,EKO Esports,oe:team:d455b12f2d0ae8596211073fb17c14d,0,Mel,Ambessa,Smolder,Syndra,Alistar,Orianna,,,,,,1756,1,7,6,7,29,22,1,0,0,0,0,0,0,0,0.9909,1.7426,,,,,,,,,,,,,,,,,,,,,0,0,,,,,,,,,,0,0,21886,747.8132,0.221968,619.9886,359.1458,2945,11,0.3759,3,0.1025,5,24,0.8200,11899,8041,274.7494,0.187615,11075,,,232,229,3,,,7.9271,3784,5200,103,3373,4986,86,411,214,17,1,0,0,0,2,0,5452,7277,143,5453,7073,127,-1,204,16,2,1,2,1,2,2,7564,9792,165,7439,9601,165,125,191,0,5,3,5,1,4,4,9377,12766,221,9044,11959,213,333,807,8,5,3,5,1,4,4
LOLTMNT05_171038,complete,,LIT,2026,Winter,0,2026-01-08 17:08:27,1,16.01,9,Red,bot,Toti,oe:player:107741d52551cb5b6e7858935ab858b,EKO Esports,oe:team:d455b12f2d0ae8596211073fb17c14d,0,Sivir,Ambessa,Smolder,Syndra,Alistar,Orianna,,,,,,1756,1,7,4,12,29,22,2,0,0,0,0,0,0,1,0.9909,1.7426,,,,,,,,,,,,,,,,,,,,,0,0,,,,,,,,,,1,0,20118,687.4032,0.204037,547.0387,328.0524,3980,11,0.3759,3,0.1025,0,28,0.9567,14821,10963,374.5900,0.255791,11800,,,229,229,0,,,7.8246,3468,3609,65,4422,3726,87,-954,-117,-22,2,0,2,3,0,1,6051,5455,92,8051,6707,124,-2000,-1252,-32,4,3,3,7,1,3,8390,8152,140,10664,9257,176,-2274,-1105,-36,4,6,3,8,3,4,10523,10163,194,13164,12089,232,-2641,-1926,-38,4,6,4,8,3,4
LOLTMNT05_171038,complete,,LIT,2026,Winter,0,2026-01-08 17:08:27,1,16.01,10,Red,sup,S1D,oe:player:e58cdf8eba80387a09db24e165d7d1c,EKO Esports,oe:team:d455b12f2d0ae8596211073fb17c14d,0,Braum,Ambessa,Smolder,Syndra,Alistar,Orianna,,,,,,1756,1,0,4,19,29,22,0,0,0,0,0,0,0,0,0.9909,1.7426,,,,,,,,,,,,,,,,,,,,,0,0,,,,,,,,,,0,0,5676,193.9408,0.0575659,698.2688,588.3144,670,50,1.7084,8,0.2733,8,103,3.5194,8319,4461,152.4260,0.104087,7095,,,27,27,0,,,0.9226,2483,2024,13,2839,2810,13,-356,-786,0,0,1,2,0,4,1,3872,3831,18,4713,4670,18,-841,-839,0,0,5,3,1,7,3,5193,6034,21,6422,6258,25,-1229,-224,-4,0,10,4,1,11,3,6285,7496,23,7421,7596,26,-1136,-100,-3,0,11,4,1,12,3
LOLTMNT05_171038,complete,,LIT,2026,Winter,0,2026-01-08 17:08:27,1,16.01,100,Blue,team,,,GMBLERS Esports,oe:team:eb2f7366b23f654102ef78cfbd9ab56,1,,Zyra,Lillia,Wukong,Veigar,Viktor,Xin Zhao,Gnar,Corki,Ahri,Leona,1756,0,22,29,28,22,29,1,0,0,0,1,,,,0.7517,1.7426,1,3,1,3,1,1,0,0,0,0,2,,0,0,1,1,0,3,0,0,0,1,0,0,1,3,7,1,1,22,26,0,1,93473,3193.8383,,4230.7517,2944.1344,18382,81,2.7677,38,1.2984,12,241,8.2346,56471,37182,1270.4556,,53361,-0.0156005,-0.18,,707,180,,,30.3075,17079,19437,309,17617,20161,346,-538,-724,-37,5,6,6,6,2,5,29607,32613,482,28500,31959,496,1107,654,-14,12,11,13,13,11,12,40952,45397,642,38716,45019,648,2236,378,-6,18,20,19,19,24,18,49357,55550,795,47602,56563,824,1755,-1013,-29,20,22,20,20,26,20
LOLTMNT05_171038,complete,,LIT,2026,Winter,0,2026-01-08 17:08:27,1,16.01,200,Red,team,,,EKO Esports,oe:team:d455b12f2d0ae8596211073fb17c14d,0,,Ambessa,Smolder,Syndra,Alistar,Orianna,Zaahen,Diana,Sivir,Mel,Braum,1756,1,29,22,51,29,22,5,0,0,0,0,,,,0.9909,1.7426,0,1,3,1,3,0,0,1,0,0,0,,0,0,0,0,1,0,3,1,1,0,0,0,0,7,3,0,0,26,22,1,0,98600,3369.0205,,4119.1913,3755.4328,28875,86,2.9385,28,0.9567,17,220,7.5171,62149,42860,1464.4647,,54200,0.0156005,0.18,,718,203,,,31.4692,17617,20161,346,17079,19437,309,538,724,37,6,2,5,5,6,6,28500,31959,496,29607,32613,482,-1107,-654,14,13,11,12,12,11,13,38716,45019,648,40952,45397,642,-2236,-378,6,19,24,18,18,20,19,47602,56563,824,49357,55550,795,-1755,1013,29,20,26,20,20,22,20
LOLTMNT05_172024,complete,,LIT,2026,Winter,0,2026-01-08 17:56:21,1,16.01,1,Blue,top,Fratellin,oe:player:c0c4911703fe39d0f3ecac925f770ed,Deacoy,oe:team:7570144845b6016b78fbcb4eb5c9b31,1,Renekton,Orianna,Ambessa,Ryze,Aatrox,Darius,,,,,,2243,1,3,4,8,14,15,0,0,0,0,1,1,0,0,0.3745,0.7757,,,,,,,,,,,,,,,,,,,,,0,0,,,,,,,,,,0,0,34815,931.2974,0.258492,1331.7967,1182.8801,4702,8,0.2140,5,0.1337,1,30,0.8025,14048,9197,246.0187,0.198386,13125,,,290,286,4,,,7.7575,3800,4804,79,2934,4508,64,866,296,15,2,0,1,0,1,2,5611,8806,138,4736,8585,103,875,221,35,2,0,2,1,1,2,7336,11577,187,7019,12204,150,317,-627,37,2,0,3,2,1,2,8941,13908,230,8559,14625,188,382,-717,42,2,0,4,2,3,3
LOLTMNT05_172024,complete,,LIT,2026,Winter,0,2026-01-08 17:56:21,1,16.01,2,Blue,jng,Hamudis,oe:player:7db713e72c2aa2b0c3254a04066873b,Deacoy,oe:team:7570144845b6016b78fbcb4eb5c9b31,1,Dr. Mundo,Orianna,Ambessa,Ryze,Aatrox,Darius,,,,,,2243,1,4,1,4,14,15,1,0,0,0,1,0,1,0,0.3745,0.7757,,,,,,,,,,,,,,,,,,,,,1,0,,,,,,,,,,1,0,33946,908.0517,0.25204,1533.9724,1786.6518,3907,3,0.0802,12,0.3210,2,45,1.2037,15420,10569,282.7196,0.227983,12850,,,293,48,245,,,7.8377,3703,4256,85,3973,4611,86,-270,-355,-1,0,1,0,1,0,0,5312,6503,125,6296,8225,140,-984,-1722,-15,0,1,0,2,1,0,7492,9712,173,8371,11136,192,-879,-1424,-19,0,1,0,2,1,0,9875,14194,238,10197,14214,237,-322,-20,1,0,1,0,2,3,0
LOLTMNT05_172024,complete,,LIT,2026,Winter,0,2026-01-08 17:56:21,1,16.01,3,Blue,mid,Sharon,oe:player:b3e36c548cb8ee25971ae534ed15a6d,Deacoy,oe:team:7570144845b6016b78fbcb4eb5c9b31,1,Ekko,Orianna,Ambessa,Ryze,Aatrox,Darius,,,,,,2243,1,3,3,6,14,15,0,0,0,0,0,0,0,0,0.3745,0.7757,,,,,,,,,,,,,,,,,,,,,0,0,,,,,,,,,,0,0,22420,599.7325,0.166462,694.1061,741.8814,7930,6,0.1605,7,0.1872,2,33,0.8827,14701,9850,263.4864,0.212473,14350,,,336,332,4,,,8.9880,3658,5343,102,3298,4869,92,360,474,10,0,0,0,0,0,0,5113,7683,148,4908,7813,144,205,-130,4,0,0,1,0,1,0,7057,10478,209,6837,10748,206,220,-270,3,0,0,1,0,1,0,9615,12844,260,8512,13311,247,1103,-467,13,1,0,1,1,2,0
LOLTMNT05_172024,complete,,LIT,2026,Winter,0,2026-01-08 17:56:21,1,16.01,4,Blue,bot,Kyte,oe:player:b4d2dcdc3e864cb46fa540ee6a00abe,Deacoy,oe:team:7570144845b6016b78fbcb4eb5c9b31,1,Corki,Orianna,Ambessa,Ryze,Aatrox,Darius,,,,,,2243,1,4,1,6,14,15,0,0,0,0,0,0,0,0,0.3745,0.7757,,,,,,,,,,,,,,,,,,,,,0,0,,,,,,,,,,0,0,38581,1032.0374,0.286454,533.9813,370.0847,17695,20,0.5350,9,0.2407,6,52,1.3910,17255,12404,331.8056,0.267566,14883,,,326,320,6,,,8.7205,3198,3779,85,3361,3416,74,-163,363,11,0,0,0,1,0,0,5043,5994,126,6003,5900,118,-960,94,8,0,0,1,3,0,0,7186,8501,180,7837,8416,170,-651,85,10,0,0,1,3,0,0,9543,10849,231,10102,10468,210,-559,381,21,0,1,1,4,1,0
LOLTMNT05_172024,complete,,LIT,2026,Winter,0,2026-01-08 17:56:21,1,16.01,5,Blue,sup,Fornari,oe:player:74365202102d0232ae4de4d1b00db83,Deacoy,oe:team:7570144845b6016b78fbcb4eb5c9b31,1,Rell,Orianna,Ambessa,Ryze,Aatrox,Darius,,,,,,2243,1,0,6,10,14,15,0,0,0,0,1,0,1,0,0.3745,0.7757,,,,,,,,,,,,,,,,,,,,,0,0,,,,,,,,,,0,0,4923,131.6897,0.036552,538.7160,633.8119,706,57,1.5247,17,0.4547,8,166,4.4405,9190,4339,116.0678,0.093592,7930,,,34,34,0,,,0.9095,2300,2605,14,2391,2764,11,-91,-159,3,0,1,1,0,1,0,3322,3492,18,3718,3952,17,-396,-460,1,0,1,2,0,3,0,4424,5035,24,5048,5249,21,-624,-214,3,0,1,2,0,4,0,5635,6325,27,6140,6299,24,-505,26,3,0,2,3,0,6,0
LOLTMNT05_172024,complete,,LIT,2026,Winter,0,2026-01-08 17:56:21,1,16.01,6,Red,top,Raffy,oe:player:6f816c94fe41d47a5d2052702d9d640,Zena Esports,oe:team:01d50b1de5bdc717131b31c64378a5b,0,Zaahen,Qiyana,Naafiri,Akali,Poppy,Xin Zhao,,,,,,2243,0,4,7,4,15,14,0,0,0,0,0,0,0,1,0.4012,0.7757,,,,,,,,,,,,,,,,,,,,,0,0,,,,,,,,,,0,0,41873,1120.0981,0.297958,1658.8676,1357.3696,6128,13,0.3477,4,0.1070,2,39,1.0432,12373,7522,201.2127,0.19118,12083,,,223,223,0,,,5.9652,2934,4508,64,3800,4804,79,-866,-296,-15,0,1,2,2,0,1,4736,8585,103,5611,8806,138,-875,-221,-35,1,1,2,2,0,2,7019,12204,150,7336,11577,187,-317,627,-37,2,1,2,2,0,3,8559,14625,188,8941,13908,230,-382,717,-42,2,3,3,2,0,4
LOLTMNT05_172024,complete,,LIT,2026,Winter,0,2026-01-08 17:56:21,1,16.01,7,Red,jng,Jekko,oe:player:98f263a1e752d1192225e59207d3081,Zena Esports,oe:team:01d50b1de5bdc717131b31c64378a5b,0,Diana,Qiyana,Naafiri,Akali,Poppy,Xin Zhao,,,,,,2243,0,2,1,8,15,14,0,0,0,0,0,0,0,0,0.4012,0.7757,,,,,,,,,,,,,,,,,,,,,0,1,,,,,,,,,,0,1,29132,779.2778,0.207297,677.3874,1344.2086,1624,0,0.0000,7,0.1872,0,31,0.8292,14866,10015,267.9001,0.254545,14150,,,337,70,267,,,9.0147,3973,4611,86,3703,4256,85,270,355,1,1,0,0,0,1,0,6296,8225,140,5312,6503,125,984,1722,15,2,1,0,0,1,0,8371,11136,192,7492,9712,173,879,1424,19,2,1,0,0,1,0,10197,14214,237,9875,14194,238,322,20,-1,2,3,0,0,1,0
LOLTMNT05_172024,complete,,LIT,2026,Winter,0,2026-01-08 17:56:21,1,16.01,8,Red,mid,Sadaz,oe:player:55b9ef62724d0ff3f1bf9eb6f08f738,Zena Esports,oe:team:01d50b1de5bdc717131b31c64378a5b,0,Galio,Qiyana,Naafiri,Akali,Poppy,Xin Zhao,,,,,,2243,0,1,2,7,15,14,0,0,0,0,0,0,0,0,0.4012,0.7757,,,,,,,,,,,,,,,,,,,,,0,0,,,,,,,,,,0,0,26943,720.7222,0.19172,685.9474,1299.8841,917,10,0.2675,8,0.2140,2,40,1.0700,12452,7601,203.3259,0.193188,11660,,,324,324,0,,,8.6670,3298,4869,92,3658,5343,102,-360,-474,-10,0,0,0,0,0,0,4908,7813,144,5113,7683,148,-205,130,-4,0,1,0,0,0,1,6837,10748,206,7057,10478,209,-220,270,-3,0,1,0,0,0,1,8512,13311,247,9615,12844,260,-1103,467,-13,1,2,0,1,0,1
LOLTMNT05_172024,complete,,LIT,2026,Winter,0,2026-01-08 17:56:21,1,16.01,9,Red,bot,RaptoSauros,oe:player:70b30a71a545f8ddc985a74cfb56ba5,Zena Esports,oe:team:01d50b1de5bdc717131b31c64378a5b,0,Miss Fortune,Qiyana,Naafiri,Akali,Poppy,Xin Zhao,,,,,,2243,0,8,2,2,15,14,1,0,0,0,0,0,0,0,0.4012,0.7757,,,,,,,,,,,,,,,,,,,,,0,0,,,,,,,,,,0,0,26709,714.4628,0.190055,346.5716,386.0009,3514,16,0.4280,4,0.1070,3,33,0.8827,14981,10130,270.9764,0.257468,14875,,,274,274,0,,,7.3295,3361,3416,74,3198,3779,85,163,-363,-11,1,0,0,0,0,0,6003,5900,118,5043,5994,126,960,-94,-8,3,0,0,0,0,1,7837,8416,170,7186,8501,180,651,-85,-10,3,0,0,0,0,1,10102,10468,210,9543,10849,231,559,-381,-21,4,1,0,0,1,1
LOLTMNT05_172024,complete,,LIT,2026,Winter,0,2026-01-08 17:56:21,1,16.01,10,Red,sup,OrthoZero,oe:player:ccbcbffe165919f40f2833fbe5c8148,Zena Esports,oe:team:01d50b1de5bdc717131b31c64378a5b,0,Zac,Qiyana,Naafiri,Akali,Poppy,Xin Zhao,,,,,,2243,0,0,2,11,15,14,0,0,0,0,0,0,0,0,0.4012,0.7757,,,,,,,,,,,,,,,,,,,,,0,0,,,,,,,,,,0,0,15876,424.6812,0.11297,866.2149,633.1699,2213,72,1.9260,12,0.3210,7,160,4.2800,8928,4077,109.0593,0.103618,8050,,,29,29,0,,,0.7757,2391,2764,11,2300,2605,14,91,159,-3,0,1,0,0,1,1,3718,3952,17,3322,3492,18,396,460,-1,0,3,0,0,1,2,5048,5249,21,4424,5035,24,624,214,-3,0,4,0,0,1,2,6140,6299,24,5635,6325,27,505,-26,-3,0,6,0,0,2,3
LOLTMNT05_172024,complete,,LIT,2026,Winter,0,2026-01-08 17:56:21,1,16.01,100,Blue,team,,,Deacoy,oe:team:7570144845b6016b78fbcb4eb5c9b31,1,,Orianna,Ambessa,Ryze,Aatrox,Darius,Corki,Rell,Ekko,Dr. Mundo,Renekton,2243,1,14,15,34,14,15,1,0,0,0,1,,,,0.3745,0.7757,0,1,4,1,4,0,0,0,1,0,0,,0,0,1,1,0,3,0,1,1,0,0,0,1,10,2,1,1,40,15,1,0,134685,3602.8087,,4632.5724,4715.3099,34940,94,2.5145,50,1.3375,19,326,8.7205,70614,46357,1240.0446,,63138,0.0374326,0.67,,1020,259,,,34.2131,16659,20787,365,15957,20168,327,702,619,38,2,2,2,2,2,2,24401,32478,555,25661,34475,522,-1260,-1997,33,2,2,6,6,6,2,33495,45303,773,35112,47753,739,-1617,-2450,34,2,2,7,7,7,2,43609,58120,986,43510,58917,906,99,-797,80,3,4,9,9,15,3
LOLTMNT05_172024,complete,,LIT,2026,Winter,0,2026-01-08 17:56:21,1,16.01,200,Red,team,,,Zena Esports,oe:team:01d50b1de5bdc717131b31c64378a5b,0,,Qiyana,Naafiri,Akali,Poppy,Xin Zhao,Miss Fortune,Galio,Diana,Zac,Zaahen,2243,0,15,14,32,15,14,1,0,0,0,0,,,,0.4012,0.7757,1,4,1,4,1,0,1,0,0,3,0,,0,0,0,0,1,0,3,0,0,1,0,0,0,2,10,0,0,15,40,0,1,140533,3759.2421,,4234.9889,5020.6331,14396,111,2.9692,35,0.9362,14,303,8.1052,63600,39343,1052.4209,,60818,-0.0374326,-0.67,,920,267,,,31.7521,15957,20168,327,16659,20787,365,-702,-619,-38,2,2,2,2,2,2,25661,34475,522,24401,32478,555,1260,1997,-33,6,6,2,2,2,6,35112,47753,739,33495,45303,773,1617,2450,-34,7,7,2,2,2,7,43510,58917,906,43609,58120,986,-99,797,-80,9,15,3,3,4,9
LOLTMNT05_171043,complete,,LIT,2026,Winter,0,2026-01-08 18:51:06,1,16.01,1,Blue,top,Cripple,oe:player:739c1ceddb772fbbf222215006c963d,Axolotl,oe:team:e7121adad88546bce0ff2cc41c2d343,1,Ambessa,Zoe,Jarvan IV,Sion,Dr. Mundo,Malphite,,,,,,1829,0,5,5,2,8,23,0,0,0,0,0,0,0,1,0.2624,1.0169,,,,,,,,,,,,,,,,,,,,,0,0,,,,,,,,,,0,0,27658,907.3155,0.350981,988.0153,1735.5385,18995,11,0.3609,4,0.1312,0,26,0.8529,14784,10777,353.5375,0.317677,13850,,,259,259,0,,,8.4964,3465,4574,78,3744,4446,48,-279,128,30,0,2,2,3,0,1,6604,9041,131,5236,7412,80,1368,1629,51,3,2,2,4,1,3,9185,11815,170,6795,10014,118,2390,1801,52,4,2,2,4,1,3,11754,14936,225,8671,13227,142,3083,1709,83,5,2,3,5,3,3
LOLTMNT05_171043,complete,,LIT,2026,Winter,0,2026-01-08 18:51:06,1,16.01,2,Blue,jng,Elix1r,oe:player:95b751706961250780ec3a0a64d14d5,Axolotl,oe:team:e7121adad88546bce0ff2cc41c2d343,1,Nocturne,Zoe,Jarvan IV,Sion,Dr. Mundo,Malphite,,,,,,1829,0,3,5,2,8,23,0,0,0,0,0,0,0,0,0.2624,1.0169,,,,,,,,,,,,,,,,,,,,,0,1,,,,,,,,,,0,0,9205,301.9683,0.116812,803.2258,801.0279,1376,5,0.1640,4,0.1312,3,26,0.8529,10981,6974,228.7808,0.205577,9575,,,193,16,177,,,6.3313,3992,3880,74,4273,4212,79,-281,-332,-5,2,0,1,2,2,0,6517,6681,113,6715,7573,133,-198,-892,-20,3,1,2,4,2,0,8245,8842,148,8430,10097,173,-185,-1255,-25,3,2,2,4,2,1,9742,10948,177,11003,13516,208,-1261,-2568,-31,3,2,3,6,4,1
LOLTMNT05_171043,complete,,LIT,2026,Winter,0,2026-01-08 18:51:06,1,16.01,3,Blue,mid,Shack,oe:player:c15d2ad445223acab83deffd548e4e0,Axolotl,oe:team:e7121adad88546bce0ff2cc41c2d343,1,Orianna,Zoe,Jarvan IV,Sion,Dr. Mundo,Malphite,,,,,,1829,0,0,4,4,8,23,0,0,0,0,0,0,0,0,0.2624,1.0169,,,,,,,,,,,,,,,,,,,,,0,0,,,,,,,,,,0,0,16747,549.3822,0.21252,523.0727,428.2012,1825,9,0.2952,8,0.2624,2,41,1.3450,10543,6536,214.4122,0.192666,9800,,,271,267,4,,,8.8901,3256,4923,88,3561,5080,90,-305,-157,-2,0,1,1,0,4,1,5303,7700,140,5760,8152,142,-457,-452,-2,0,2,1,1,6,2,6822,10058,181,7279,10812,187,-457,-754,-6,0,3,1,1,6,2,8616,12092,226,9265,13616,216,-649,-1524,10,0,4,2,2,9,2
LOLTMNT05_171043,complete,,LIT,2026,Winter,0,2026-01-08 18:51:06,1,16.01,4,Blue,bot,Padawii,oe:player:92d72eced2158938cc6c5615838a432,Axolotl,oe:team:e7121adad88546bce0ff2cc41c2d343,1,Ziggs,Zoe,Jarvan IV,Sion,Dr. Mundo,Malphite,,,,,,1829,0,0,5,1,8,23,0,0,0,0,0,0,0,0,0.2624,1.0169,,,,,,,,,,,,,,,,,,,,,0,0,,,,,,,,,,0,0,23413,768.0590,0.297112,463.3352,233.0782,7984,17,0.5577,5,0.1640,6,41,1.3450,10574,6567,215.4292,0.19358,9500,,,250,249,1,,,8.2012,3188,4190,79,3461,4229,101,-273,-39,-22,0,0,0,0,0,0,5023,6239,119,5758,7079,161,-735,-840,-42,0,0,2,0,1,0,7043,8702,166,7837,9963,223,-794,-1261,-57,0,1,2,0,1,0,8796,10742,212,10834,13099,276,-2038,-2357,-64,0,1,3,1,5,0
LOLTMNT05_171043,complete,,LIT,2026,Winter,0,2026-01-08 18:51:06,1,16.01,5,Blue,sup,Tigrot,oe:player:f62515559d817cb05f979bfdf640cfe,Axolotl,oe:team:e7121adad88546bce0ff2cc41c2d343,1,Alistar,Zoe,Jarvan IV,Sion,Dr. Mundo,Malphite,,,,,,1829,0,0,4,3,8,23,0,0,0,0,0,0,0,0,0.2624,1.0169,,,,,,,,,,,,,,,,,,,,,0,0,,,,,,,,,,0,1,1779,58.3598,0.0225756,497.9442,547.5451,0,56,1.8371,15,0.4921,9,120,3.9366,7077,3070,100.7108,0.0905003,6440,,,29,29,0,,,0.9513,2196,1777,8,2475,2462,10,-279,-685,-2,0,2,1,0,4,0,3516,3369,15,3717,3191,18,-201,178,-3,0,3,2,0,5,1,4667,4079,23,4795,4274,25,-128,-195,-2,0,3,2,0,5,1,5786,4716,26,6018,6206,29,-232,-1490,-3,0,3,3,0,5,2
LOLTMNT05_171043,complete,,LIT,2026,Winter,0,2026-01-08 18:51:06,1,16.01,6,Red,top,Sveglia,oe:player:fa7c974b496e3c280ad0e97431bb4cb,P11 Esports,oe:team:51815048971b363597530c6d350a27f,0,K'Sante,Sylas,Gwen,Urgot,Aatrox,Gnar,,,,,,1829,1,5,3,6,23,8,0,0,0,0,1,1,0,0,0.7545,1.0169,,,,,,,,,,,,,,,,,,,,,0,0,,,,,,,,,,0,0,18001,590.5194,0.227228,867.7201,1446.4625,8427,17,0.5577,4,0.1312,1,42,1.3778,10416,6409,210.2460,0.161988,10025,,,161,154,7,,,5.2816,3744,4446,48,3465,4574,78,279,-128,-30,3,0,1,0,2,2,5236,7412,80,6604,9041,131,-1368,-1629,-51,4,1,3,3,2,2,6795,10014,118,9185,11815,170,-2390,-1801,-52,4,1,3,4,2,2,8671,13227,142,11754,14936,225,-3083,-1709,-83,5,3,3,5,2,3
LOLTMNT05_171043,complete,,LIT,2026,Winter,0,2026-01-08 18:51:06,1,16.01,7,Red,jng,Izo,oe:player:f80f443cd63aa14f81ffb468c7ac12d,P11 Esports,oe:team:51815048971b363597530c6d350a27f,0,Wukong,Sylas,Gwen,Urgot,Aatrox,Gnar,,,,,,1829,1,9,1,8,23,8,3,0,0,0,0,0,0,0,0.7545,1.0169,,,,,,,,,,,,,,,,,,,,,1,0,,,,,,,,,,0,0,20399,669.1853,0.257498,1158.9612,1360.7108,9959,10,0.3280,6,0.1968,8,36,1.1810,14306,10299,337.8568,0.260304,13133,,,230,36,194,,,7.5451,4273,4212,79,3992,3880,74,281,332,5,2,2,0,2,0,1,6715,7573,133,6517,6681,113,198,892,20,4,2,0,3,1,2,8430,10097,173,8245,8842,148,185,1255,25,4,2,1,3,2,2,11003,13516,208,9742,10948,177,1261,2568,31,6,4,1,3,2,3
LOLTMNT05_171043,complete,,LIT,2026,Winter,0,2026-01-08 18:51:06,1,16.01,8,Red,mid,Xen0gan,oe:player:8143be9a534c52a80c338e924742f09,P11 Esports,oe:team:51815048971b363597530c6d350a27f,0,Galio,Sylas,Gwen,Urgot,Aatrox,Gnar,,,,,,1829,1,5,2,13,23,8,0,0,0,0,0,0,0,0,0.7545,1.0169,,,,,,,,,,,,,,,,,,,,,0,0,,,,,,,,,,0,0,18709,613.7452,0.236165,734.6966,1458.6331,3715,17,0.5577,1,0.0328,5,24,0.7873,12901,8894,291.7660,0.224794,12225,,,261,261,0,,,8.5621,3561,5080,90,3256,4923,88,305,157,2,0,4,1,0,1,1,5760,8152,142,5303,7700,140,457,452,2,1,6,2,0,2,1,7279,10812,187,6822,10058,181,457,754,6,1,6,2,0,3,1,9265,13616,216,8616,12092,226,649,1524,-10,2,9,2,0,4,2
LOLTMNT05_171043,complete,,LIT,2026,Winter,0,2026-01-08 18:51:06,1,16.01,9,Red,bot,Showman,oe:player:82fa2a45f6376819ba1adc1e9a9549f,P11 Esports,oe:team:51815048971b363597530c6d350a27f,0,Sivir,Sylas,Gwen,Urgot,Aatrox,Gnar,,,,,,1829,1,3,0,9,23,8,0,0,0,0,0,0,0,0,0.7545,1.0169,,,,,,,,,,,,,,,,,,,,,0,0,,,,,,,,,,0,0,13337,437.5178,0.168354,307.1186,298.0645,5350,13,0.4265,6,0.1968,1,32,1.0498,13929,9922,325.4893,0.250776,12675,,,307,303,4,,,10.0711,3461,4229,101,3188,4190,79,273,39,22,0,0,0,0,0,0,5758,7079,161,5023,6239,119,735,840,42,0,1,0,0,0,2,7837,9963,223,7043,8702,166,794,1261,57,0,1,0,0,1,2,10834,13099,276,8796,10742,212,2038,2357,64,1,5,0,0,1,3
LOLTMNT05_171043,complete,,LIT,2026,Winter,0,2026-01-08 18:51:06,1,16.01,10,Red,sup,downfall,oe:player:6373f9174e6e3dcf8988b672ac283c0,P11 Esports,oe:team:51815048971b363597530c6d350a27f,0,Neeko,Sylas,Gwen,Urgot,Aatrox,Gnar,,,,,,1829,1,1,2,9,23,8,0,0,0,0,0,0,0,0,0.7545,1.0169,,,,,,,,,,,,,,,,,,,,,0,0,,,,,,,,,,1,0,8774,287.8294,0.110755,354.8824,209.9836,1465,47,1.5418,16,0.5249,8,122,4.0022,8048,4041,132.5642,0.102139,7870,,,31,31,0,,,1.0169,2475,2462,10,2196,1777,8,279,685,2,0,4,0,0,2,1,3717,3191,18,3516,3369,15,201,-178,3,0,5,1,0,3,2,4795,4274,25,4667,4079,23,128,195,2,0,5,1,0,3,2,6018,6206,29,5786,4716,26,232,1490,3,0,5,2,0,3,3
LOLTMNT05_171043,complete,,LIT,2026,Winter,0,2026-01-08 18:51:06,1,16.01,100,Blue,team,,,Axolotl,oe:team:e7121adad88546bce0ff2cc41c2d343,1,,Zoe,Jarvan IV,Sion,Dr. Mundo,Malphite,Ziggs,Orianna,Nocturne,Ambessa,Alistar,1829,0,8,23,12,8,23,0,0,0,0,0,,,,0.2624,1.0169,0,0,4,0,4,0,0,0,0,0,0,,0,0,1,1,0,1,2,0,0,1,0,0,1,5,7,1,1,32,30,0,1,78802,2585.0847,,3275.5932,3745.3909,30180,98,3.2149,36,1.1810,20,254,8.3324,53959,33925,1112.9032,,49165,-0.128705,-0.52,,820,182,,,32.8704,16097,19344,327,17514,20429,328,-1417,-1085,-1,2,5,5,5,10,2,26963,33030,518,27186,33407,534,-223,-377,-16,6,8,9,9,15,6,35962,43496,688,35136,45160,726,826,-1664,-38,7,11,9,9,15,7,44694,53434,866,45791,59664,871,-1097,-6230,-5,8,12,14,14,26,8
LOLTMNT05_171043,complete,,LIT,2026,Winter,0,2026-01-08 18:51:06,1,16.01,200,Red,team,,,P11 Esports,oe:team:51815048971b363597530c6d350a27f,0,,Sylas,Gwen,Urgot,Aatrox,Gnar,Wukong,Sivir,Galio,K'Sante,Neeko,1829,1,23,8,45,23,8,3,0,0,0,1,,,,0.7545,1.0169,1,4,0,4,0,0,2,1,0,1,0,,0,0,0,0,1,2,1,1,1,0,0,0,0,7,5,0,0,30,32,1,0,79220,2598.7972,,3423.3789,4773.8546,28916,104,3.4117,33,1.0826,23,256,8.3980,59600,39566,1297.9552,,55928,0.128705,0.52,,785,205,,,32.4768,17514,20429,328,16097,19344,327,1417,1085,1,5,10,2,2,5,5,27186,33407,534,26963,33030,518,223,377,16,9,15,6,6,8,9,35136,45160,726,35962,43496,688,-826,1664,38,9,15,7,7,11,9,45791,59664,871,44694,53434,866,1097,6230,5,14,26,8,8,12,14
LOLTMNT05_171051,complete,,LIT,2026,Winter,0,2026-01-08 19:44:59,1,16.01,1,Blue,top,The Mountain,oe:player:0e94a953ebc2e75ab1d22879fcb8d72,Colossal Gaming,oe:team:35d740411d9f9072f939b1faf33a6e2,1,Cho'Gath,Ambessa,Zaahen,Aatrox,Neeko,Nautilus,,,,,,2336,1,2,3,8,18,7,0,0,0,0,0,0,0,0,0.4623,0.6421,,,,,,,,,,,,,,,,,,,,,0,0,,,,,,,,,,0,0,13925,357.6627,0.106005,1069.4435,1589.6661,133,8,0.2055,3,0.0771,3,28,0.7192,12293,7252,186.2671,0.141419,11275,,,261,251,10,,,6.7038,3382,5057,95,3784,5534,105,-402,-477,-10,0,0,0,0,0,0,4940,8757,144,5267,8790,152,-327,-33,-8,0,0,0,0,0,0,6460,11794,191,7478,12560,195,-1018,-766,-4,0,0,1,1,1,0,8021,13822,214,9329,14756,229,-1308,-934,-15,1,2,1,1,1,0
LOLTMNT05_171051,complete,,LIT,2026,Winter,0,2026-01-08 19:44:59,1,16.01,2,Blue,jng,Fragola,oe:player:dd685a824d4a506a952a6a8a90e0a81,Colossal Gaming,oe:team:35d740411d9f9072f939b1faf33a6e2,1,Jayce,Ambessa,Zaahen,Aatrox,Neeko,Nautilus,,,,,,2336,1,2,1,11,18,7,0,0,0,0,0,0,0,0,0.4623,0.6421,,,,,,,,,,,,,,,,,,,,,1,0,,,,,,,,,,0,0,40869,1049.7175,0.311117,628.0479,462.4572,7960,13,0.3339,24,0.6164,11,88,2.2603,16572,11531,296.1729,0.224864,15225,,,279,49,230,,,7.1661,3571,4133,78,3406,4049,76,165,84,2,0,1,0,0,0,1,5493,6666,120,4972,6204,113,521,462,7,0,1,0,0,0,1,7391,8707,153,6788,9059,158,603,-352,-5,0,2,1,0,0,2,9821,11442,191,8370,10895,179,1451,547,12,1,4,1,0,0,3
LOLTMNT05_171051,complete,,LIT,2026,Winter,0,2026-01-08 19:44:59,1,16.01,3,Blue,mid,Bisgaard,oe:player:75807d72812187f72c5892bf7ab25a9,Colossal Gaming,oe:team:35d740411d9f9072f939b1faf33a6e2,1,Akali,Ambessa,Zaahen,Aatrox,Neeko,Nautilus,,,,,,2336,1,5,0,9,18,7,1,0,0,0,1,0,1,0,0.4623,0.6421,,,,,,,,,,,,,,,,,,,,,1,0,,,,,,,,,,0,0,25878,664.6747,0.196998,769.3151,495.6678,20789,9,0.2312,4,0.1027,4,40,1.0274,16746,11705,300.6421,0.228257,13200,,,282,278,4,,,7.2432,3786,5533,93,3323,5038,90,463,495,3,1,1,0,0,0,1,5820,8339,148,5234,7797,144,586,542,4,1,1,0,0,0,1,8256,11034,197,6937,9825,178,1319,1209,19,1,2,0,0,1,1,9918,13224,221,8520,11301,208,1398,1923,13,2,4,0,0,1,3
LOLTMNT05_171051,complete,,LIT,2026,Winter,0,2026-01-08 19:44:59,1,16.01,4,Blue,bot,PiskHello,oe:player:8f41a11e71632780d1b132b388ef2a5,Colossal Gaming,oe:team:35d740411d9f9072f939b1faf33a6e2,1,Corki,Ambessa,Zaahen,Aatrox,Neeko,Nautilus,,,,,,2336,1,8,1,7,18,7,1,0,0,0,1,1,0,0,0.4623,0.6421,,,,,,,,,,,,,,,,,,,,,0,0,,,,,,,,,,2,0,42765,1098.4161,0.325551,602.7997,427.9366,10360,16,0.4110,15,0.3853,2,47,1.2072,20412,15371,394.8031,0.299747,17433,,,427,406,21,,,10.9675,4036,3781,96,3344,4002,86,692,-221,10,1,1,0,0,0,0,6375,6495,165,5360,6306,140,1015,189,25,1,1,0,0,0,0,8614,8841,215,8375,9046,201,239,-205,14,2,1,0,2,0,0,10833,11377,272,10454,11442,262,379,-65,10,2,3,0,2,0,0
LOLTMNT05_171051,complete,,LIT,2026,Winter,0,2026-01-08 19:44:59,1,16.01,5,Blue,sup,Centu,oe:player:0ff3d05047e5a7d2838bd6cb11fe7a1,Colossal Gaming,oe:team:35d740411d9f9072f939b1faf33a6e2,1,Leona,Ambessa,Zaahen,Aatrox,Neeko,Nautilus,,,,,,2336,1,1,2,15,18,7,0,0,0,0,1,0,1,0,0.4623,0.6421,,,,,,,,,,,,,,,,,,,,,0,0,,,,,,,,,,0,0,7925,203.5531,0.0603295,752.0805,1113.8784,216,79,2.0291,23,0.5908,11,186,4.7774,10462,5421,139.2380,0.105713,9585,,,42,42,0,,,1.0788,2505,2925,17,2392,2392,12,113,533,5,0,2,0,0,0,0,3658,3599,24,3516,3532,20,142,67,4,0,2,0,0,0,0,4883,5115,31,4784,5046,27,99,69,4,0,3,1,0,2,0,6389,6922,34,5856,5371,31,533,1551,3,1,5,1,0,2,1
LOLTMNT05_171051,complete,,LIT,2026,Winter,0,2026-01-08 19:44:59,1,16.01,6,Red,top,APP,oe:player:0bdbb2c325525e986d55ef50ca66d05,HMBLE,oe:team:ede699f8c483a571a32fc493ce8c41e,0,K'Sante,Sion,Ornn,Kai'Sa,Syndra,Aurora,,,,,,2336,0,1,5,3,7,18,0,0,0,0,0,0,0,0,0.1798,0.6421,,,,,,,,,,,,,,,,,,,,,0,0,,,,,,,,,,0,0,18665,479.4092,0.156088,1073.2192,1809.5034,9380,10,0.2568,3,0.0771,4,39,1.0017,12600,7559,194.1524,0.179792,12400,,,272,272,0,,,6.9863,3784,5534,105,3382,5057,95,402,477,10,0,0,0,0,0,0,5267,8790,152,4940,8757,144,327,33,8,0,0,0,0,0,0,7478,12560,195,6460,11794,191,1018,766,4,1,1,0,0,0,1,9329,14756,229,8021,13822,214,1308,934,15,1,1,0,1,2,1
LOLTMNT05_171051,complete,,LIT,2026,Winter,0,2026-01-08 19:44:59,1,16.01,7,Red,jng,adi1,oe:player:6b7ca7e0fcad1f113f17bc2d30adbf5,HMBLE,oe:team:ede699f8c483a571a32fc493ce8c41e,0,Xin Zhao,Sion,Ornn,Kai'Sa,Syndra,Aurora,,,,,,2336,0,2,5,1,7,18,0,0,0,0,0,0,0,0,0.1798,0.6421,,,,,,,,,,,,,,,,,,,,,0,1,,,,,,,,,,0,0,18973,487.3202,0.158664,1153.5873,991.1558,1043,11,0.2825,11,0.2825,7,56,1.4384,13916,8875,227.9538,0.211093,12425,,,251,38,213,,,6.4469,3406,4049,76,3571,4133,78,-165,-84,-2,0,0,1,0,1,0,4972,6204,113,5493,6666,120,-521,-462,-7,0,0,1,0,1,0,6788,9059,158,7391,8707,153,-603,352,5,0,0,2,0,2,1,8370,10895,179,9821,11442,191,-1451,-547,-12,0,0,3,1,4,1
LOLTMNT05_171051,complete,,LIT,2026,Winter,0,2026-01-08 19:44:59,1,16.01,8,Red,mid,Vigil,oe:player:c08f75d1d70bf068013b32f60fe96a5,HMBLE,oe:team:ede699f8c483a571a32fc493ce8c41e,0,Orianna,Sion,Ornn,Kai'Sa,Syndra,Aurora,,,,,,2336,0,2,3,3,7,18,0,0,0,0,0,0,0,1,0.1798,0.6421,,,,,,,,,,,,,,,,,,,,,0,1,,,,,,,,,,0,0,32842,843.5445,0.274645,546.1644,399.6318,4024,14,0.3596,6,0.1541,2,37,0.9503,14970,9929,255.0257,0.236163,15100,,,312,308,4,,,8.0137,3323,5038,90,3786,5533,93,-463,-495,-3,0,0,1,1,1,0,5234,7797,144,5820,8339,148,-586,-542,-4,0,0,1,1,1,0,6937,9825,178,8256,11034,197,-1319,-1209,-19,0,1,1,1,2,0,8520,11301,208,9918,13224,221,-1398,-1923,-13,0,1,3,2,4,0
LOLTMNT05_171051,complete,,LIT,2026,Winter,0,2026-01-08 19:44:59,1,16.01,9,Red,bot,Tyrone,oe:player:34dd70244ef257a4b5f7df18076132b,HMBLE,oe:team:ede699f8c483a571a32fc493ce8c41e,0,Yunara,Sion,Ornn,Kai'Sa,Syndra,Aurora,,,,,,2336,0,2,2,3,7,18,0,0,0,0,0,0,0,0,0.1798,0.6421,,,,,,,,,,,,,,,,,,,,,0,0,,,,,,,,,,0,2,36397,934.8545,0.304374,465.3082,173.4247,4386,14,0.3596,13,0.3339,3,44,1.1301,16604,11563,296.9949,0.275028,16275,,,407,391,16,,,10.4538,3344,4002,86,4036,3781,96,-692,221,-10,0,0,0,1,1,0,5360,6306,140,6375,6495,165,-1015,-189,-25,0,0,0,1,1,0,8375,9046,201,8614,8841,215,-239,205,-14,2,0,0,2,1,0,10454,11442,262,10833,11377,272,-379,65,-10,2,0,0,2,3,0
LOLTMNT05_171051,complete,,LIT,2026,Winter,0,2026-01-08 19:44:59,1,16.01,10,Red,sup,Click,oe:player:1e249a5688255bde7f7213b5d257b3c,HMBLE,oe:team:ede699f8c483a571a32fc493ce8c41e,0,Poppy,Sion,Ornn,Kai'Sa,Syndra,Aurora,,,,,,2336,0,0,3,6,7,18,0,0,0,0,0,0,0,0,0.1798,0.6421,,,,,,,,,,,,,,,,,,,,,0,0,,,,,,,,,,0,0,12703,326.2757,0.10623,750.8990,604.8801,1603,84,2.1575,23,0.5908,13,177,4.5462,9158,4117,105.7449,0.0979231,8930,,,42,42,0,,,1.0788,2392,2392,12,2505,2925,17,-113,-533,-5,0,0,0,0,2,0,3516,3532,20,3658,3599,24,-142,-67,-4,0,0,0,0,2,0,4784,5046,27,4883,5115,31,-99,-69,-4,0,2,0,0,3,1,5856,5371,31,6389,6922,34,-533,-1551,-3,0,2,1,1,5,1
LOLTMNT05_171051,complete,,LIT,2026,Winter,0,2026-01-08 19:44:59,1,16.01,100,Blue,team,,,Colossal Gaming,oe:team:35d740411d9f9072f939b1faf33a6e2,1,,Ambessa,Zaahen,Aatrox,Neeko,Nautilus,Jayce,Cho'Gath,Corki,Akali,Leona,2336,1,18,7,50,18,7,2,0,0,0,1,,,,0.4623,0.6421,0,4,1,4,1,0,0,3,0,1,0,,0,0,0,0,1,3,0,1,2,0,0,0,1,10,4,0,1,42,25,2,0,131362,3374.0240,,3821.6866,4089.6062,39458,125,3.2106,69,1.7723,31,389,9.9914,76485,51280,1317.1233,,66718,0.0240883,1.38,,1026,265,,,33.1592,17280,21429,379,16249,21015,369,1031,414,10,2,5,0,0,0,2,26286,33856,601,24349,32629,569,1937,1227,32,2,5,0,0,0,2,35604,45491,787,34362,45536,759,1242,-45,28,3,8,3,3,4,3,44982,56787,932,42529,53765,909,2453,3022,23,7,18,3,3,4,7
LOLTMNT05_171051,complete,,LIT,2026,Winter,0,2026-01-08 19:44:59,1,16.01,200,Red,team,,,HMBLE,oe:team:ede699f8c483a571a32fc493ce8c41e,0,,Sion,Ornn,Kai'Sa,Syndra,Aurora,K'Sante,Yunara,Xin Zhao,Orianna,Poppy,2336,0,7,18,16,7,18,0,0,0,0,0,,,,0.1798,0.6421,1,1,4,1,4,1,0,0,0,0,0,,0,0,1,1,0,0,3,0,0,2,0,0,0,4,10,1,0,25,42,0,2,119580,3071.4041,,3989.1781,3978.5959,20436,133,3.4161,56,1.4384,29,353,9.0668,67248,42043,1079.8716,,65130,-0.0240883,-1.38,,1051,233,,,32.9795,16249,21015,369,17280,21429,379,-1031,-414,-10,0,0,2,2,5,0,24349,32629,569,26286,33856,601,-1937,-1227,-32,0,0,2,2,5,0,34362,45536,759,35604,45491,787,-1242,45,-28,3,4,3,3,8,3,42529,53765,909,44982,56787,932,-2453,-3022,-23,3,4,7,7,18,3
LOLTMNT05_171066,complete,,LIT,2026,Winter,0,2026-01-09 17:09:20,1,16.01,1,Blue,top,APP,oe:player:0bdbb2c325525e986d55ef50ca66d05,HMBLE,oe:team:ede699f8c483a571a32fc493ce8c41e,1,Ambessa,Zoe,Sion,Jayce,Galio,Ahri,,,,,,1451,1,7,0,6,17,3,0,0,0,0,1,1,0,0,0.7030,0.8270,,,,,,,,,,,,,,,,,,,,,0,0,,,,,,,,,,0,0,20661,854.3487,0.301115,951.7298,1143.1427,7698,10,0.4135,2,0.0827,4,29,1.1992,11407,8171,337.8773,0.229019,10430,,,207,203,4,,,8.5596,3971,5495,84,3262,4759,83,709,736,1,2,1,0,0,0,2,6911,9818,148,4569,6171,109,2342,3647,39,3,1,0,0,0,3,8740,12649,183,6173,9914,157,2567,2735,26,4,1,0,0,0,3,11407,15820,207,7000,11139,173,4407,4681,34,7,6,0,0,0,5
LOLTMNT05_171066,complete,,LIT,2026,Winter,0,2026-01-09 17:09:20,1,16.01,2,Blue,jng,adi1,oe:player:6b7ca7e0fcad1f113f17bc2d30adbf5,HMBLE,oe:team:ede699f8c483a571a32fc493ce8c41e,1,Jarvan IV,Zoe,Sion,Jayce,Galio,Ahri,,,,,,1451,1,3,0,11,17,3,0,0,0,0,0,0,0,0,0.7030,0.8270,,,,,,,,,,,,,,,,,,,,,1,0,,,,,,,,,,1,0,11277,466.3129,0.164352,677.9462,1192.1433,1098,8,0.3308,11,0.4549,5,46,1.9021,11245,8009,331.1785,0.224479,9975,,,213,16,197,,,8.8077,4013,4615,91,3200,3620,64,813,995,27,1,1,0,0,0,0,6093,7201,134,4776,5477,90,1317,1724,44,1,3,0,1,0,1,8550,10520,190,6965,7849,124,1585,2671,66,1,3,0,2,0,2,11245,13536,213,7987,9233,143,3258,4303,70,3,11,0,2,0,4
LOLTMNT05_171066,complete,,LIT,2026,Winter,0,2026-01-09 17:09:20,1,16.01,3,Blue,mid,Vigil,oe:player:c08f75d1d70bf068013b32f60fe96a5,HMBLE,oe:team:ede699f8c483a571a32fc493ce8c41e,1,Ryze,Zoe,Sion,Jayce,Galio,Ahri,,,,,,1451,1,4,1,8,17,3,0,0,0,0,0,0,0,0,0.7030,0.8270,,,,,,,,,,,,,,,,,,,,,0,0,,,,,,,,,,0,0,14922,617.0365,0.217474,554.1006,401.9297,13116,8,0.3308,2,0.0827,3,28,1.1578,11759,8523,352.4328,0.238885,10725,,,246,246,0,,,10.1723,3933,5608,106,3309,4923,91,624,685,15,0,2,0,0,0,1,6351,8651,166,5164,8077,154,1187,574,12,1,2,0,0,0,1,8498,11014,206,6579,10591,190,1919,423,16,2,2,1,0,1,2,11759,16042,246,7462,11465,208,4297,4577,38,4,8,1,0,1,4
LOLTMNT05_171066,complete,,LIT,2026,Winter,0,2026-01-09 17:09:20,1,16.01,4,Blue,bot,Tyrone,oe:player:34dd70244ef257a4b5f7df18076132b,HMBLE,oe:team:ede699f8c483a571a32fc493ce8c41e,1,Lucian,Zoe,Sion,Jayce,Galio,Ahri,,,,,,1451,1,2,0,6,17,3,0,0,0,0,0,0,0,0,0.7030,0.8270,,,,,,,,,,,,,,,,,,,,,0,0,,,,,,,,,,0,0,13331,551.2474,0.194287,256.8711,122.6878,5459,14,0.5789,5,0.2068,5,42,1.7367,10567,7331,303.1427,0.205476,9325,,,238,238,0,,,9.8415,3548,3956,101,3350,3642,85,198,314,16,0,0,0,0,0,0,5552,6545,150,5401,5625,133,151,920,17,0,0,0,0,0,0,7546,9218,203,7692,8199,184,-146,1019,19,0,0,0,1,0,0,10567,12461,238,8863,9574,212,1704,2887,26,2,6,0,1,0,2
LOLTMNT05_171066,complete,,LIT,2026,Winter,0,2026-01-09 17:09:20,1,16.01,5,Blue,sup,Click,oe:player:1e249a5688255bde7f7213b5d257b3c,HMBLE,oe:team:ede699f8c483a571a32fc493ce8c41e,1,Bard,Zoe,Sion,Jayce,Galio,Ahri,,,,,,1451,1,1,2,13,17,3,0,0,0,0,0,0,0,0,0.7030,0.8270,,,,,,,,,,,,,,,,,,,,,0,0,,,,,,,,,,0,0,8424,348.3391,0.122772,543.4735,333.3701,471,37,1.5300,10,0.4135,7,83,3.4321,6880,3644,150.6823,0.102141,6090,,,24,24,0,,,0.9924,2374,2851,13,2246,2149,13,128,702,0,0,2,0,0,0,0,3574,3904,17,3308,3416,19,266,488,-2,0,3,1,0,0,0,4891,5425,21,4561,5320,24,330,105,-3,0,4,2,0,2,0,6880,8106,24,5335,6306,26,1545,1800,-2,1,13,2,0,2,2
LOLTMNT05_171066,complete,,LIT,2026,Winter,0,2026-01-09 17:09:20,1,16.01,6,Red,top,Haruhiro,oe:player:9a8072505022fe7392269696b500cd9,P11 Esports,oe:team:51815048971b363597530c6d350a27f,0,Rumble,Azir,Taliyah,Zaahen,Yunara,Alistar,,,,,,1451,0,0,5,0,3,17,0,0,0,0,0,0,0,1,0.1241,0.8270,,,,,,,,,,,,,,,,,,,,,0,0,,,,,,,,,,0,0,14187,586.6437,0.295982,856.3749,778.8835,0,10,0.4135,2,0.0827,2,22,0.9097,7000,3764,155.6444,0.183907,6750,,,173,173,0,,,7.1537,3262,4759,83,3971,5495,84,-709,-736,-1,0,0,2,2,1,0,4569,6171,109,6911,9818,148,-2342,-3647,-39,0,0,3,3,1,0,6173,9914,157,8740,12649,183,-2567,-2735,-26,0,0,3,4,1,0,7000,11139,173,11407,15820,207,-4407,-4681,-34,0,0,5,7,6,0
LOLTMNT05_171066,complete,,LIT,2026,Winter,0,2026-01-09 17:09:20,1,16.01,7,Red,jng,Izo,oe:player:f80f443cd63aa14f81ffb468c7ac12d,P11 Esports,oe:team:51815048971b363597530c6d350a27f,0,Wukong,Azir,Taliyah,Zaahen,Yunara,Alistar,,,,,,1451,0,2,4,0,3,17,0,0,0,0,0,0,0,0,0.1241,0.8270,,,,,,,,,,,,,,,,,,,,,0,1,,,,,,,,,,0,1,9786,404.6589,0.204164,896.1957,734.1833,1091,6,0.2481,7,0.2895,5,26,1.0751,7987,4751,196.4576,0.232127,7658,,,143,13,130,,,5.9132,3200,3620,64,4013,4615,91,-813,-995,-27,0,0,0,1,1,0,4776,5477,90,6093,7201,134,-1317,-1724,-44,1,0,1,1,3,0,6965,7849,124,8550,10520,190,-1585,-2671,-66,2,0,2,1,3,0,7987,9233,143,11245,13536,213,-3258,-4303,-70,2,0,4,3,11,0
LOLTMNT05_171066,complete,,LIT,2026,Winter,0,2026-01-09 17:09:20,1,16.01,8,Red,mid,Xen0gan,oe:player:8143be9a534c52a80c338e924742f09,P11 Esports,oe:team:51815048971b363597530c6d350a27f,0,Neeko,Azir,Taliyah,Zaahen,Yunara,Alistar,,,,,,1451,0,0,4,1,3,17,0,0,0,0,0,0,0,0,0.1241,0.8270,,,,,,,,,,,,,,,,,,,,,0,0,,,,,,,,,,0,0,10885,450.1034,0.227093,620.5100,325.3067,0,5,0.2068,7,0.2895,3,23,0.9511,7462,4226,174.7484,0.206478,6475,,,208,208,0,,,8.6010,3309,4923,91,3933,5608,106,-624,-685,-15,0,0,1,0,2,0,5164,8077,154,6351,8651,166,-1187,-574,-12,0,0,1,1,2,0,6579,10591,190,8498,11014,206,-1919,-423,-16,0,1,2,2,2,1,7462,11465,208,11759,16042,246,-4297,-4577,-38,0,1,4,4,8,1
LOLTMNT05_171066,complete,,LIT,2026,Winter,0,2026-01-09 17:09:20,1,16.01,9,Red,bot,Showman,oe:player:82fa2a45f6376819ba1adc1e9a9549f,P11 Esports,oe:team:51815048971b363597530c6d350a27f,0,Corki,Azir,Taliyah,Zaahen,Yunara,Alistar,,,,,,1451,0,1,2,0,3,17,0,0,0,0,0,0,0,0,0.1241,0.8270,,,,,,,,,,,,,,,,,,,,,0,0,,,,,,,,,,0,0,9864,407.8842,0.205792,461.5989,322.2881,6448,9,0.3722,4,0.1654,0,19,0.7857,8863,5627,232.6809,0.274924,8683,,,212,212,0,,,8.7664,3350,3642,85,3548,3956,101,-198,-314,-16,0,0,0,0,0,0,5401,5625,133,5552,6545,150,-151,-920,-17,0,0,0,0,0,0,7692,8199,184,7546,9218,203,146,-1019,-19,1,0,0,0,0,0,8863,9574,212,10567,12461,238,-1704,-2887,-26,1,0,2,2,6,0
LOLTMNT05_171066,complete,,LIT,2026,Winter,0,2026-01-09 17:09:20,1,16.01,10,Red,sup,downfall,oe:player:6373f9174e6e3dcf8988b672ac283c0,P11 Esports,oe:team:51815048971b363597530c6d350a27f,0,Rakan,Azir,Taliyah,Zaahen,Yunara,Alistar,,,,,,1451,0,0,2,2,3,17,0,0,0,0,0,0,0,0,0.1241,0.8270,,,,,,,,,,,,,,,,,,,,,0,0,,,,,,,,,,0,0,3210,132.7360,0.0669699,543.6389,531.3163,0,33,1.3646,12,0.4962,7,101,4.1764,5335,2099,86.7953,0.102564,5085,,,26,26,0,,,1.0751,2246,2149,13,2374,2851,13,-128,-702,0,0,0,0,0,2,0,3308,3416,19,3574,3904,17,-266,-488,2,0,0,0,0,3,1,4561,5320,24,4891,5425,21,-330,-105,3,0,2,0,0,4,2,5335,6306,26,6880,8106,24,-1545,-1800,2,0,2,2,1,13,2
LOLTMNT05_171066,complete,,LIT,2026,Winter,0,2026-01-09 17:09:20,1,16.01,100,Blue,team,,,HMBLE,oe:team:ede699f8c483a571a32fc493ce8c41e,1,,Zoe,Sion,Jayce,Galio,Ahri,Jarvan IV,Ambessa,Ryze,Lucian,Bard,1451,1,17,3,44,17,3,0,0,0,0,1,,,,0.7030,0.8270,1,2,1,2,1,0,1,0,0,0,1,,0,0,1,1,0,3,0,1,1,0,0,0,1,8,0,1,1,32,6,1,0,68615,2837.2846,,2984.1213,3193.2736,27842,77,3.1840,30,1.2405,24,228,9.4280,51858,35680,1475.3963,,46545,0.29297,3.73,,727,201,,,38.3735,17839,22525,395,15367,19093,336,2472,3432,59,3,6,0,0,0,3,28481,36119,615,23218,28766,505,5263,7353,110,5,9,1,1,0,5,38225,48826,803,31970,41873,679,6255,6953,124,7,10,3,3,3,7,51858,65965,928,36647,47717,762,15211,18248,166,17,44,3,3,3,17
LOLTMNT05_171066,complete,,LIT,2026,Winter,0,2026-01-09 17:09:20,1,16.01,200,Red,team,,,P11 Esports,oe:team:51815048971b363597530c6d350a27f,0,,Azir,Taliyah,Zaahen,Yunara,Alistar,Rumble,Neeko,Wukong,Corki,Rakan,1451,0,3,17,3,3,17,0,0,0,0,0,,,,0.1241,0.8270,0,1,2,1,2,0,0,0,1,0,0,,0,0,0,0,1,0,3,0,0,1,0,0,0,0,8,0,0,6,32,0,1,47932,1982.0262,,3378.3184,2691.9779,7539,63,2.6051,32,1.3232,17,191,7.8980,36647,20469,846.4094,,34651,-0.29297,-3.73,,632,130,,,31.5093,15367,19093,336,17839,22525,395,-2472,-3432,-59,0,0,3,3,6,0,23218,28766,505,28481,36119,615,-5263,-7353,-110,1,0,5,5,9,1,31970,41873,679,38225,48826,803,-6255,-6953,-124,3,3,7,7,10,3,36647,47717,762,51858,65965,928,-15211,-18248,-166,3,3,17,17,44,3
LOLTMNT05_172032,complete,,LIT,2026,Winter,0,2026-01-09 17:55:05,1,16.01,1,Blue,top,Diobello,oe:player:6fc7d54cb5c88a3b2054aeba60a8ad0,GMBLERS Esports,oe:team:eb2f7366b23f654102ef78cfbd9ab56,1,Sion,Kai'Sa,Akali,Jayce,Braum,Morgana,,,,,,1858,0,0,3,3,5,19,0,0,0,0,0,0,0,0,0.1615,0.7750,,,,,,,,,,,,,,,,,,,,,0,0,,,,,,,,,,0,0,17753,573.2939,0.204215,1143.4230,2278.0624,2880,9,0.2906,0,0.0000,0,20,0.6459,10333,6267,202.3789,0.197262,10150,,,258,258,0,,,8.3315,3225,5038,84,3255,5276,79,-30,-238,5,0,0,0,0,0,0,4919,8141,129,5204,9499,126,-285,-1358,3,0,0,1,1,0,0,6720,11512,182,7788,13623,192,-1068,-2111,-10,0,1,1,1,1,0,8267,13994,226,9499,16295,230,-1232,-2301,-4,0,1,2,1,2,0
LOLTMNT05_172032,complete,,LIT,2026,Winter,0,2026-01-09 17:55:05,1,16.01,2,Blue,jng,Mario,oe:player:df1274a25b88333180c934458717dc5,GMBLERS Esports,oe:team:eb2f7366b23f654102ef78cfbd9ab56,1,Wukong,Kai'Sa,Akali,Jayce,Braum,Morgana,,,,,,1858,0,3,4,0,5,19,1,0,0,0,0,0,0,0,0.1615,0.7750,,,,,,,,,,,,,,,,,,,,,0,1,,,,,,,,,,0,0,9842,317.8256,0.113214,950.1184,668.2347,790,5,0.1615,10,0.3229,6,41,1.3240,11184,7118,229.8601,0.224048,10933,,,175,20,155,,,5.6512,3247,3533,70,3611,4515,88,-364,-982,-18,0,0,0,0,0,0,5068,5946,107,6092,7150,125,-1024,-1204,-18,1,0,0,2,1,0,6757,8209,138,8596,10477,171,-1839,-2268,-33,1,0,2,3,3,0,7968,9955,157,11247,14436,234,-3279,-4481,-77,1,0,3,3,4,0
LOLTMNT05_172032,complete,,LIT,2026,Winter,0,2026-01-09 17:55:05,1,16.01,3,Blue,mid,DejaVu,oe:player:f91df124dbb29389941a0a900e8cab6,GMBLERS Esports,oe:team:eb2f7366b23f654102ef78cfbd9ab56,1,Viktor,Kai'Sa,Akali,Jayce,Braum,Morgana,,,,,,1858,0,0,3,3,5,19,0,0,0,0,0,0,0,0,0.1615,0.7750,,,,,,,,,,,,,,,,,,,,,0,0,,,,,,,,,,0,0,27852,899.4187,0.320385,829.7955,644.2734,1523,15,0.4844,6,0.1938,9,31,1.0011,10308,6242,201.5716,0.196475,10375,,,264,264,0,,,8.5253,2960,4876,70,4082,5895,106,-1122,-1019,-36,0,0,1,1,0,0,4980,8027,131,5898,8347,156,-918,-320,-25,0,0,1,1,1,0,6811,10999,186,8820,12233,225,-2009,-1234,-39,0,1,1,3,1,0,8331,14781,230,11136,14888,270,-2805,-107,-40,0,1,1,5,2,0
LOLTMNT05_172032,complete,,LIT,2026,Winter,0,2026-01-09 17:55:05,1,16.01,4,Blue,bot,Rharesh,oe:player:bf4680a824168dbc1b4e9e038b6ccc9,GMBLERS Esports,oe:team:eb2f7366b23f654102ef78cfbd9ab56,1,Caitlyn,Kai'Sa,Akali,Jayce,Braum,Morgana,,,,,,1858,0,2,7,1,5,19,0,0,0,0,1,1,0,0,0.1615,0.7750,,,,,,,,,,,,,,,,,,,,,0,0,,,,,,,,,,0,0,24936,805.2530,0.286842,600.8396,326.2863,8695,8,0.2583,8,0.2583,0,31,1.0011,13103,9037,291.8299,0.28445,12400,,,280,276,4,,,9.0420,4042,3821,95,3402,3936,96,640,-115,-1,1,0,0,0,0,0,6240,5702,138,5911,5897,138,329,-195,0,1,1,2,1,1,1,9170,8164,192,8055,8217,191,1115,-53,1,2,1,3,1,1,2,10727,9851,233,10613,11175,242,114,-1324,-9,2,1,5,2,2,2
LOLTMNT05_172032,complete,,LIT,2026,Winter,0,2026-01-09 17:55:05,1,16.01,5,Blue,sup,Shredder,oe:player:4515c41bfcadfcf2e3c5880242f99a2,GMBLERS Esports,oe:team:eb2f7366b23f654102ef78cfbd9ab56,1,Leona,Kai'Sa,Akali,Jayce,Braum,Morgana,,,,,,1858,0,0,2,5,5,19,0,0,0,0,1,0,1,0,0.1615,0.7750,,,,,,,,,,,,,,,,,,,,,0,0,,,,,,,,,,0,0,6550,211.5178,0.0753454,546.2648,540.8719,176,48,1.5501,9,0.2906,7,91,2.9386,7172,3106,100.3014,0.0977665,6925,,,28,28,0,,,0.9042,2360,2886,13,2272,2700,8,88,186,5,0,1,0,0,0,1,3526,4334,19,4031,4439,13,-505,-105,6,0,2,1,0,3,1,4755,5647,22,5570,5916,15,-815,-269,7,0,3,1,0,5,1,5773,6749,26,7524,7853,20,-1751,-1104,6,0,3,1,1,7,1
LOLTMNT05_172032,complete,,LIT,2026,Winter,0,2026-01-09 17:55:05,1,16.01,6,Red,top,The Mountain,oe:player:0e94a953ebc2e75ab1d22879fcb8d72,Colossal Gaming,oe:team:35d740411d9f9072f939b1faf33a6e2,0,K'Sante,Ambessa,Diana,Corki,Smolder,Aphelios,,,,,,1858,1,1,0,5,19,5,0,0,0,0,0,0,0,0,0.6136,0.7750,,,,,,,,,,,,,,,,,,,,,0,0,,,,,,,,,,0,0,15856,512.0344,0.147127,990.0000,1745.0377,8413,14,0.4521,3,0.0969,3,37,1.1948,11880,7814,252.3358,0.173977,11605,,,259,259,0,,,8.3638,3255,5276,79,3225,5038,84,30,238,-5,0,0,0,0,0,0,5204,9499,126,4919,8141,129,285,1358,-3,1,0,0,0,0,1,7788,13623,192,6720,11512,182,1068,2111,10,1,1,0,0,1,1,9499,16295,230,8267,13994,226,1232,2301,4,1,2,0,0,1,2
LOLTMNT05_172032,complete,,LIT,2026,Winter,0,2026-01-09 17:55:05,1,16.01,7,Red,jng,Fragola,oe:player:dd685a824d4a506a952a6a8a90e0a81,Colossal Gaming,oe:team:35d740411d9f9072f939b1faf33a6e2,0,Dr. Mundo,Ambessa,Diana,Corki,Smolder,Aphelios,,,,,,1858,1,4,0,8,19,5,0,0,0,0,0,0,0,0,0.6136,0.7750,,,,,,,,,,,,,,,,,,,,,1,0,,,,,,,,,,0,0,17946,579.5264,0.16652,1316.0603,1464.0581,3542,10,0.3229,16,0.5167,8,68,2.1959,14744,10678,344.8224,0.237743,13350,,,282,37,245,,,9.1066,3611,4515,88,3247,3533,70,364,982,18,0,0,0,0,0,0,6092,7150,125,5068,5946,107,1024,1204,18,2,1,0,1,0,0,8596,10477,171,6757,8209,138,1839,2268,33,3,3,0,1,0,2,11247,14436,234,7968,9955,157,3279,4481,77,3,4,0,1,0,3
LOLTMNT05_172032,complete,,LIT,2026,Winter,0,2026-01-09 17:55:05,1,16.01,8,Red,mid,Bisgaard,oe:player:75807d72812187f72c5892bf7ab25a9,Colossal Gaming,oe:team:35d740411d9f9072f939b1faf33a6e2,0,Syndra,Ambessa,Diana,Corki,Smolder,Aphelios,,,,,,1858,1,8,1,6,19,5,0,0,0,0,0,0,0,0,0.6136,0.7750,,,,,,,,,,,,,,,,,,,,,0,0,,,,,,,,,,0,0,32732,1057.0075,0.303718,521.8192,252.8202,6566,10,0.3229,3,0.0969,3,15,0.4844,13966,9900,319.6986,0.220421,12450,,,282,282,0,,,9.1066,4082,5895,106,2960,4876,70,1122,1019,36,1,0,0,0,0,1,5898,8347,156,4980,8027,131,918,320,25,1,1,0,0,0,1,8820,12233,225,6811,10999,186,2009,1234,39,3,1,0,0,1,1,11136,14888,270,8331,14781,230,2805,107,40,5,2,0,0,1,1
LOLTMNT05_172032,complete,,LIT,2026,Winter,0,2026-01-09 17:55:05,1,16.01,9,Red,bot,PiskHello,oe:player:8f41a11e71632780d1b132b388ef2a5,Colossal Gaming,oe:team:35d740411d9f9072f939b1faf33a6e2,0,Yunara,Ambessa,Diana,Corki,Smolder,Aphelios,,,,,,1858,1,4,3,6,19,5,0,0,0,0,0,0,0,0,0.6136,0.7750,,,,,,,,,,,,,,,,,,,,,0,0,,,,,,,,,,0,0,25438,821.4639,0.236038,721.1948,362.8741,11512,15,0.4844,7,0.2260,4,40,1.2917,14492,10426,336.6846,0.232132,12650,,,292,276,16,,,9.4295,3402,3936,96,4042,3821,95,-640,115,1,0,0,0,1,0,0,5911,5897,138,6240,5702,138,-329,195,0,1,1,1,1,1,2,8055,8217,191,9170,8164,192,-1115,53,-1,1,1,2,2,1,3,10613,11175,242,10727,9851,233,-114,1324,9,2,2,2,2,1,5
LOLTMNT05_172032,complete,,LIT,2026,Winter,0,2026-01-09 17:55:05,1,16.01,10,Red,sup,Centu,oe:player:0ff3d05047e5a7d2838bd6cb11fe7a1,Colossal Gaming,oe:team:35d740411d9f9072f939b1faf33a6e2,0,Bard,Ambessa,Diana,Corki,Smolder,Aphelios,,,,,,1858,1,2,1,12,19,5,0,0,0,0,0,0,0,1,0.6136,0.7750,,,,,,,,,,,,,,,,,,,,,0,0,,,,,,,,,,0,0,15799,510.1938,0.146598,470.6997,321.2487,5033,42,1.3563,15,0.4844,3,120,3.8751,10162,6096,196.8568,0.135727,8805,,,31,31,0,,,1.0011,2272,2700,8,2360,2886,13,-88,-186,-5,0,0,1,0,1,0,4031,4439,13,3526,4334,19,505,105,-6,0,3,1,0,2,1,5570,5916,15,4755,5647,22,815,269,-7,0,5,1,0,3,1,7524,7853,20,5773,6749,26,1751,1104,-6,1,7,1,0,3,1
LOLTMNT05_172032,complete,,LIT,2026,Winter,0,2026-01-09 17:55:05,1,16.01,100,Blue,team,,,GMBLERS Esports,oe:team:eb2f7366b23f654102ef78cfbd9ab56,1,,Kai'Sa,Akali,Jayce,Braum,Morgana,Sion,Viktor,Leona,Caitlyn,Wukong,1858,0,5,19,12,5,19,1,0,0,0,1,,,,0.1615,0.7750,1,1,3,1,3,0,0,1,0,0,0,,0,0,1,1,0,0,3,0,0,1,0,0,0,2,9,0,0,14,39,0,1,86933,2807.3089,,4070.4413,4457.7287,14064,85,2.7449,33,1.0657,22,214,6.9107,52100,31770,1025.9419,,50783,-0.147333,-2.19,,846,159,,,32.4543,15834,20154,332,16622,22322,377,-788,-2168,-45,1,1,1,1,0,1,24733,32150,524,27136,35332,558,-2403,-3182,-34,2,3,5,5,6,2,34213,44531,720,38829,50466,794,-4616,-5935,-74,3,6,8,8,11,3,41066,55330,872,50019,64647,996,-8953,-9317,-124,3,6,12,12,17,3
LOLTMNT05_172032,complete,,LIT,2026,Winter,0,2026-01-09 17:55:05,1,16.01,200,Red,team,,,Colossal Gaming,oe:team:35d740411d9f9072f939b1faf33a6e2,0,,Ambessa,Diana,Corki,Smolder,Aphelios,K'Sante,Syndra,Yunara,Bard,Dr. Mundo,1858,1,19,5,37,19,5,0,0,0,0,0,,,,0.6136,0.7750,0,3,1,3,1,2,0,0,1,0,0,,0,0,0,0,1,3,0,1,1,0,0,0,1,9,2,1,1,39,14,1,0,107771,3480.2260,,4019.7740,4146.0388,35066,91,2.9386,44,1.4209,21,280,9.0420,65244,44914,1450.3983,,58860,0.147333,2.19,,885,261,,,37.0075,16622,22322,377,15834,20154,332,788,2168,45,1,0,1,1,1,1,27136,35332,558,24733,32150,524,2403,3182,34,5,6,2,2,3,5,38829,50466,794,34213,44531,720,4616,5935,74,8,11,3,3,6,8,50019,64647,996,41066,55330,872,8953,9317,124,12,17,3,3,6,12
LOLTMNT05_171070,complete,,LIT,2026,Winter,0,2026-01-09 18:45:24,1,16.01,1,Blue,top,Cripple,oe:player:739c1ceddb772fbbf222215006c963d,Axolotl,oe:team:e7121adad88546bce0ff2cc41c2d343,1,Aatrox,Akali,Qiyana,Neeko,Kennen,Malphite,,,,,,1913,0,4,7,0,5,18,0,0,0,0,0,0,0,1,0.1568,0.6900,,,,,,,,,,,,,,,,,,,,,0,0,,,,,,,,,,0,1,28031,879.1741,0.459096,1319.6864,1165.3738,7029,12,0.3764,3,0.0941,1,33,1.0350,12053,7875,246.9942,0.242033,11875,,,252,252,0,,,7.9038,4123,5436,87,3589,4830,73,534,606,14,2,0,2,1,1,2,6363,9385,137,5048,7923,111,1315,1462,26,3,0,2,1,1,3,8237,11443,172,7177,11179,161,1060,264,11,3,0,4,1,4,3,9802,14133,212,9143,13912,199,659,221,13,3,0,4,2,5,3
LOLTMNT05_171070,complete,,LIT,2026,Winter,0,2026-01-09 18:45:24,1,16.01,2,Blue,jng,Elix1r,oe:player:95b751706961250780ec3a0a64d14d5,Axolotl,oe:team:e7121adad88546bce0ff2cc41c2d343,1,Dr. Mundo,Akali,Qiyana,Neeko,Kennen,Malphite,,,,,,1913,0,0,2,2,5,18,0,0,0,0,0,0,0,0,0.1568,0.6900,,,,,,,,,,,,,,,,,,,,,0,1,,,,,,,,,,0,1,8191,256.9054,0.134153,1099.4145,855.6508,1514,7,0.2196,9,0.2823,5,40,1.2546,11287,7109,222.9692,0.21849,11075,,,259,38,221,,,8.1234,3575,4362,80,3885,4680,86,-310,-318,-6,0,1,0,1,0,0,5400,6670,124,5797,7490,138,-397,-820,-14,0,1,0,1,0,0,7359,9698,169,8308,10081,169,-949,-383,0,0,2,0,2,3,1,8919,11860,205,10057,12390,206,-1138,-530,-1,0,2,1,2,6,1
LOLTMNT05_171070,complete,,LIT,2026,Winter,0,2026-01-09 18:45:24,1,16.01,3,Blue,mid,Shack,oe:player:c15d2ad445223acab83deffd548e4e0,Axolotl,oe:team:e7121adad88546bce0ff2cc41c2d343,1,Azir,Akali,Qiyana,Neeko,Kennen,Malphite,,,,,,1913,0,1,3,0,5,18,0,0,0,0,0,0,0,0,0.1568,0.6900,,,,,,,,,,,,,,,,,,,,,0,0,,,,,,,,,,0,1,13605,426.7120,0.222825,703.5024,607.8725,2540,11,0.3450,4,0.1255,3,41,1.2859,10727,6549,205.4051,0.201279,10535,,,260,254,6,,,8.1547,2960,4621,74,3889,5569,109,-929,-948,-35,0,0,0,0,0,0,4802,7514,135,5633,8622,169,-831,-1108,-34,0,0,0,0,0,0,7485,10305,186,7928,10976,218,-443,-671,-32,1,0,0,1,0,0,8837,11908,220,9962,13603,263,-1125,-1695,-43,1,0,1,2,0,0
LOLTMNT05_171070,complete,,LIT,2026,Winter,0,2026-01-09 18:45:24,1,16.01,4,Blue,bot,Jakorhs,oe:player:5e4010efcc9627e914b7b65161c8e56,Axolotl,oe:team:e7121adad88546bce0ff2cc41c2d343,1,Corki,Akali,Qiyana,Neeko,Kennen,Malphite,,,,,,1913,0,0,2,0,5,18,0,0,0,0,0,0,0,0,0.1568,0.6900,,,,,,,,,,,,,,,,,,,,,0,0,,,,,,,,,,0,0,8423,264.1819,0.137953,492.2948,270.7998,5055,9,0.2823,1,0.0314,1,17,0.5332,12385,8207,257.4072,0.252237,12183,,,315,315,0,,,9.8798,3416,4500,95,3278,4313,80,138,187,15,0,0,0,0,0,0,5703,6931,147,5833,7284,142,-130,-353,5,0,0,0,0,0,0,7659,9147,193,8780,10069,197,-1121,-922,-4,0,0,1,1,2,0,9716,11657,255,11118,12701,253,-1402,-1044,2,0,0,1,1,5,0
LOLTMNT05_171070,complete,,LIT,2026,Winter,0,2026-01-09 18:45:24,1,16.01,5,Blue,sup,Tigrot,oe:player:f62515559d817cb05f979bfdf640cfe,Axolotl,oe:team:e7121adad88546bce0ff2cc41c2d343,1,Rell,Akali,Qiyana,Neeko,Kennen,Malphite,,,,,,1913,0,0,4,3,5,18,0,0,0,0,0,0,0,0,0.1568,0.6900,,,,,,,,,,,,,,,,,,,,,0,0,,,,,,,,,,0,0,2807,88.0397,0.0459734,442.5196,501.4846,0,62,1.9446,15,0.4705,16,143,4.4851,6975,2797,87.7261,0.0859616,6250,,,29,29,0,,,0.9096,2113,2088,11,2283,1910,10,-170,178,1,0,1,1,0,1,0,3257,3785,15,3220,2928,16,37,857,-1,0,2,1,0,1,0,4505,5115,19,4973,5099,19,-468,16,0,0,3,2,1,3,0,5629,6276,25,6296,6617,21,-667,-341,4,0,3,3,2,5,0
LOLTMNT05_171070,complete,,LIT,2026,Winter,0,2026-01-09 18:45:24,1,16.01,6,Red,top,Fratellin,oe:player:c0c4911703fe39d0f3ecac925f770ed,Deacoy,oe:team:7570144845b6016b78fbcb4eb5c9b31,0,Gwen,Ambessa,Zaahen,Wukong,Xin Zhao,Urgot,,,,,,1913,1,3,4,6,17,5,0,0,0,0,1,1,0,0,0.5332,0.6900,,,,,,,,,,,,,,,,,,,,,0,0,,,,,,,,,,1,0,25298,793.4553,0.262321,844.2969,818.7977,10097,9,0.2823,8,0.2509,0,37,1.1605,12714,8536,267.7261,0.182214,9700,,,239,239,0,,,7.4961,3589,4830,73,4123,5436,87,-534,-606,-14,1,1,2,2,0,2,5048,7923,111,6363,9385,137,-1315,-1462,-26,1,1,3,3,0,2,7177,11179,161,8237,11443,172,-1060,-264,-11,1,4,3,3,0,4,9143,13912,199,9802,14133,212,-659,-221,-13,2,5,3,3,0,4
LOLTMNT05_171070,complete,,LIT,2026,Winter,0,2026-01-09 18:45:24,1,16.01,7,Red,jng,Hamudis,oe:player:7db713e72c2aa2b0c3254a04066873b,Deacoy,oe:team:7570144845b6016b78fbcb4eb5c9b31,0,Naafiri,Ambessa,Zaahen,Wukong,Xin Zhao,Urgot,,,,,,1913,1,6,1,8,17,5,1,0,0,0,0,0,0,0,0.5332,0.6900,,,,,,,,,,,,,,,,,,,,,1,0,,,,,,,,,,1,0,17731,556.1213,0.183857,663.0423,417.1772,5822,6,0.1882,13,0.4077,2,48,1.5055,15186,11008,345.2588,0.234983,13625,,,272,35,237,,,8.5311,3885,4680,86,3575,4362,80,310,318,6,1,0,0,0,1,0,5797,7490,138,5400,6670,124,397,820,14,1,0,0,0,1,0,8308,10081,169,7359,9698,169,949,383,0,2,3,1,0,2,0,10057,12390,206,8919,11860,205,1138,530,1,2,6,1,0,2,1
LOLTMNT05_171070,complete,,LIT,2026,Winter,0,2026-01-09 18:45:24,1,16.01,8,Red,mid,Sharon,oe:player:b3e36c548cb8ee25971ae534ed15a6d,Deacoy,oe:team:7570144845b6016b78fbcb4eb5c9b31,0,Ekko,Ambessa,Zaahen,Wukong,Xin Zhao,Urgot,,,,,,1913,1,4,0,4,17,5,0,0,0,0,0,0,0,0,0.5332,0.6900,,,,,,,,,,,,,,,,,,,,,0,0,,,,,,,,,,1,0,26524,831.9080,0.275034,738.5991,696.6963,11455,4,0.1255,4,0.1255,1,22,0.6900,15016,10838,339.9268,0.231354,12925,,,339,331,8,,,10.6325,3889,5569,109,2960,4621,74,929,948,35,0,0,0,0,0,0,5633,8622,169,4802,7514,135,831,1108,34,0,0,0,0,0,0,7928,10976,218,7485,10305,186,443,671,32,1,0,0,1,0,0,9962,13603,263,8837,11908,220,1125,1695,43,2,0,0,1,0,1
LOLTMNT05_171070,complete,,LIT,2026,Winter,0,2026-01-09 18:45:24,1,16.01,9,Red,bot,Kyte,oe:player:b4d2dcdc3e864cb46fa540ee6a00abe,Deacoy,oe:team:7570144845b6016b78fbcb4eb5c9b31,0,Sivir,Ambessa,Zaahen,Wukong,Xin Zhao,Urgot,,,,,,1913,1,2,0,8,17,5,0,0,0,0,0,0,0,0,0.5332,0.6900,,,,,,,,,,,,,,,,,,,,,0,0,,,,,,,,,,0,0,22313,699.8327,0.231369,219.1427,145.0288,13995,16,0.5018,15,0.4705,4,59,1.8505,15868,11690,366.6492,0.249542,14300,,,339,331,8,,,10.6325,3278,4313,80,3416,4500,95,-138,-187,-15,0,0,0,0,0,0,5833,7284,142,5703,6931,147,130,353,-5,0,0,0,0,0,0,8780,10069,197,7659,9147,193,1121,922,4,1,2,0,0,0,1,11118,12701,253,9716,11657,255,1402,1044,-2,1,5,0,0,0,1
LOLTMNT05_171070,complete,,LIT,2026,Winter,0,2026-01-09 18:45:24,1,16.01,10,Red,sup,Fornari,oe:player:74365202102d0232ae4de4d1b00db83,Deacoy,oe:team:7570144845b6016b78fbcb4eb5c9b31,0,Poppy,Ambessa,Zaahen,Wukong,Xin Zhao,Urgot,,,,,,1913,1,2,0,10,17,5,0,0,0,0,1,0,1,0,0.5332,0.6900,,,,,,,,,,,,,,,,,,,,,0,0,,,,,,,,,,0,0,4573,143.4292,0.0474186,432.0125,543.2305,2551,54,1.6937,11,0.3450,9,117,3.6696,8952,4774,149.7334,0.101907,7510,,,25,25,0,,,0.7841,2283,1910,10,2113,2088,11,170,-178,-1,0,1,0,0,1,1,3220,2928,16,3257,3785,15,-37,-857,1,0,1,0,0,2,1,4973,5099,19,4505,5115,19,468,-16,0,1,3,0,0,3,2,6296,6617,21,5629,6276,25,667,341,-4,2,5,0,0,3,3
LOLTMNT05_171070,complete,,LIT,2026,Winter,0,2026-01-09 18:45:24,1,16.01,100,Blue,team,,,Axolotl,oe:team:e7121adad88546bce0ff2cc41c2d343,1,,Akali,Qiyana,Neeko,Kennen,Malphite,Corki,Azir,Rell,Dr. Mundo,Aatrox,1913,0,5,18,5,5,18,0,0,0,0,0,,,,0.1568,0.6900,0,1,4,1,4,0,0,0,1,0,0,,0,0,0,0,1,2,1,0,0,1,0,0,1,2,11,0,0,13,45,0,3,61057,1915.0131,,4057.4177,3401.1814,16138,101,3.1678,32,1.0037,26,274,8.5938,53427,32536,1020.4705,,51918,-0.111695,-1.59,,888,227,,,34.9712,16187,21007,347,16924,21302,358,-737,-295,-11,2,2,3,2,2,2,25525,34285,558,25531,34247,576,-6,38,-18,3,3,3,2,2,3,35245,45708,739,37166,47404,764,-1921,-1696,-25,4,5,7,6,12,4,42903,55834,917,46576,59223,942,-3673,-3389,-25,4,5,10,9,21,4
LOLTMNT05_171070,complete,,LIT,2026,Winter,0,2026-01-09 18:45:24,1,16.01,200,Red,team,,,Deacoy,oe:team:7570144845b6016b78fbcb4eb5c9b31,0,,Ambessa,Zaahen,Wukong,Xin Zhao,Urgot,Naafiri,Sivir,Poppy,Ekko,Gwen,1913,1,17,5,36,17,5,1,0,0,0,1,,,,0.5332,0.6900,1,4,1,4,1,0,1,0,2,1,0,,0,0,1,1,0,1,2,1,1,0,0,0,0,11,2,1,1,45,13,3,0,96439,3024.7465,,2897.0936,2620.9305,43920,89,2.7914,51,1.5996,16,283,8.8761,67736,46845,1469.2629,,58060,0.111695,1.59,,961,253,,,38.0763,16924,21302,358,16187,21007,347,737,295,11,2,2,2,2,2,3,25531,34247,576,25525,34285,558,6,-38,18,2,2,3,3,3,3,37166,47404,764,35245,45708,739,1921,1696,25,6,12,4,4,5,7,46576,59223,942,42903,55834,917,3673,3389,25,9,21,4,4,5,10
LOLTMNT05_172033,complete,,LIT,2026,Winter,0,2026-01-09 19:37:42,1,16.01,1,Blue,top,lobellan,oe:player:e856a4c24d5611c7f42c5acaefcf841,EKO Esports,oe:team:d455b12f2d0ae8596211073fb17c14d,1,Darius,Yone,Yunara,Zac,Ambessa,Braum,,,,,,1934,1,5,2,6,18,12,0,0,0,0,1,1,0,0,0.5584,0.9307,,,,,,,,,,,,,,,,,,,,,0,0,,,,,,,,,,0,0,18793,583.0300,0.23062,743.9193,839.3795,15829,5,0.1551,7,0.2172,1,41,1.2720,13935,9714,301.3650,0.212068,13475,,,237,237,0,,,7.3526,4344,5389,91,3149,4994,78,1195,395,13,2,0,0,0,0,2,6874,9430,139,4653,7861,118,2221,1569,21,3,0,0,0,0,3,8663,11919,185,6276,10730,167,2387,1189,18,3,0,0,0,0,3,11394,14362,207,7401,12216,187,3993,2146,20,5,1,1,0,0,5
LOLTMNT05_172033,complete,,LIT,2026,Winter,0,2026-01-09 19:37:42,1,16.01,2,Blue,jng,Balyy,oe:player:a44ae9bfcb722ad18088def7d750319,EKO Esports,oe:team:d455b12f2d0ae8596211073fb17c14d,1,Lillia,Yone,Yunara,Zac,Ambessa,Braum,,,,,,1934,1,4,3,10,18,12,0,0,0,0,0,0,0,0,0.5584,0.9307,,,,,,,,,,,,,,,,,,,,,2,0,,,,,,,,,,2,0,22297,691.7373,0.27362,1157.3733,741.7787,9298,2,0.0620,11,0.3413,2,48,1.4891,14298,10077,312.6267,0.219993,13850,,,260,35,225,,,8.0662,3559,4198,85,3639,4473,89,-80,-275,-4,0,0,0,0,0,0,5250,6651,124,5723,7019,126,-473,-368,-2,0,1,1,2,0,1,7436,9527,165,7536,9611,168,-100,-84,-3,0,1,1,2,1,1,10222,13363,209,9858,11787,195,364,1576,14,1,5,1,3,2,2
LOLTMNT05_172033,complete,,LIT,2026,Winter,0,2026-01-09 19:37:42,1,16.01,3,Blue,mid,Divine,oe:player:14bf26aa667423d1fba119e3c8a65e1,EKO Esports,oe:team:d455b12f2d0ae8596211073fb17c14d,1,Syndra,Yone,Yunara,Zac,Ambessa,Braum,,,,,,1934,1,3,0,7,18,12,1,0,0,0,0,0,0,0,0.5584,0.9307,,,,,,,,,,,,,,,,,,,,,0,0,,,,,,,,,,0,0,17340,537.9524,0.212789,240.9617,114.0124,10419,14,0.4343,3,0.0931,4,39,1.2099,15169,10948,339.6484,0.239008,14000,,,330,328,2,,,10.2378,3614,5461,102,3788,5346,110,-174,115,-8,0,0,0,0,0,0,5365,8096,152,5951,8233,169,-586,-137,-17,0,1,0,1,0,0,8163,10689,203,8238,10991,228,-75,-302,-25,0,1,0,2,0,0,10271,14320,256,10957,15761,287,-686,-1441,-31,0,3,0,2,1,0
LOLTMNT05_172033,complete,,LIT,2026,Winter,0,2026-01-09 19:37:42,1,16.01,4,Blue,bot,Toti,oe:player:107741d52551cb5b6e7858935ab858b,EKO Esports,oe:team:d455b12f2d0ae8596211073fb17c14d,1,Miss Fortune,Yone,Yunara,Zac,Ambessa,Braum,,,,,,1934,1,5,3,4,18,12,1,0,0,0,0,0,0,0,0.5584,0.9307,,,,,,,,,,,,,,,,,,,,,0,0,,,,,,,,,,0,0,15346,476.0910,0.18832,547.9731,246.4840,4853,12,0.3723,7,0.2172,1,34,1.0548,14499,10278,318.8625,0.224381,12575,,,252,243,9,,,7.8180,3267,3647,85,3158,3309,77,109,338,8,0,0,0,0,0,0,5657,5939,126,5423,5507,120,234,432,6,1,0,0,0,2,0,7563,8325,178,7343,8009,165,220,316,13,1,0,1,0,3,0,10312,10867,206,9500,10509,208,812,358,-2,3,0,2,0,4,0
LOLTMNT05_172033,complete,,LIT,2026,Winter,0,2026-01-09 19:37:42,1,16.01,5,Blue,sup,S1D,oe:player:e58cdf8eba80387a09db24e165d7d1c,EKO Esports,oe:team:d455b12f2d0ae8596211073fb17c14d,1,Poppy,Yone,Yunara,Zac,Ambessa,Braum,,,,,,1934,1,1,4,10,18,12,0,0,0,0,0,0,0,0,0.5584,0.9307,,,,,,,,,,,,,,,,,,,,,0,0,,,,,,,,,,1,0,7713,239.2865,0.0946508,804.1986,617.5284,2140,63,1.9545,15,0.4654,13,130,4.0331,9010,4789,148.5729,0.10455,7960,,,33,33,0,,,1.0238,2411,2631,13,2101,2344,10,310,287,3,0,0,0,0,0,0,3668,3988,19,3324,4128,12,344,-140,7,0,1,2,0,2,0,4775,5123,22,4646,5298,22,129,-175,0,0,1,2,0,3,0,6488,7666,24,6013,5488,22,475,2178,2,0,6,2,1,3,2
LOLTMNT05_172033,complete,,LIT,2026,Winter,0,2026-01-09 19:37:42,1,16.01,6,Red,top,Raffy,oe:player:6f816c94fe41d47a5d2052702d9d640,Zena Esports,oe:team:01d50b1de5bdc717131b31c64378a5b,0,Aatrox,Wukong,Zaahen,Diana,Fiora,Alistar,,,,,,1934,0,0,7,1,12,18,0,0,0,0,0,0,0,1,0.3723,0.9307,,,,,,,,,,,,,,,,,,,,,0,0,,,,,,,,,,0,0,7840,243.2265,0.10686,764.0228,487.1975,3369,12,0.3723,2,0.0620,0,24,0.7446,9705,5484,170.1344,0.146596,9825,,,245,245,0,,,7.6008,3149,4994,78,4344,5389,91,-1195,-395,-13,0,0,2,2,0,0,4653,7861,118,6874,9430,139,-2221,-1569,-21,0,0,3,3,0,0,6276,10730,167,8663,11919,185,-2387,-1189,-18,0,0,3,3,0,0,7401,12216,187,11394,14362,207,-3993,-2146,-20,0,0,5,5,1,1
LOLTMNT05_172033,complete,,LIT,2026,Winter,0,2026-01-09 19:37:42,1,16.01,7,Red,jng,Jekko,oe:player:98f263a1e752d1192225e59207d3081,Zena Esports,oe:team:01d50b1de5bdc717131b31c64378a5b,0,Jarvan IV,Wukong,Zaahen,Diana,Fiora,Alistar,,,,,,1934,0,3,4,4,12,18,0,0,0,0,0,0,0,0,0.3723,0.9307,,,,,,,,,,,,,,,,,,,,,0,2,,,,,,,,,,0,2,11797,365.9876,0.160794,563.1748,616.1324,0,4,0.1241,9,0.2792,1,36,1.1169,11663,7442,230.8790,0.198936,11475,,,223,11,212,,,6.9183,3639,4473,89,3559,4198,85,80,275,4,0,0,0,0,0,0,5723,7019,126,5250,6651,124,473,368,2,2,0,1,0,1,1,7536,9611,168,7436,9527,165,100,84,3,2,1,1,0,1,1,9858,11787,195,10222,13363,209,-364,-1576,-14,3,2,2,1,5,1
LOLTMNT05_172033,complete,,LIT,2026,Winter,0,2026-01-09 19:37:42,1,16.01,8,Red,mid,Sadaz,oe:player:55b9ef62724d0ff3f1bf9eb6f08f738,Zena Esports,oe:team:01d50b1de5bdc717131b31c64378a5b,0,Ryze,Wukong,Zaahen,Diana,Fiora,Alistar,,,,,,1934,0,5,1,4,12,18,0,0,0,0,0,0,0,0,0.3723,0.9307,,,,,,,,,,,,,,,,,,,,,0,0,,,,,,,,,,0,0,24289,753.5367,0.331062,742.8956,671.3237,5733,11,0.3413,5,0.1551,1,29,0.8997,14999,10778,334.3744,0.288112,14375,,,359,347,12,,,11.1375,3788,5346,110,3614,5461,102,174,-115,8,0,0,0,0,0,0,5951,8233,169,5365,8096,152,586,137,17,1,0,0,0,1,0,8238,10991,228,8163,10689,203,75,302,25,2,0,0,0,1,0,10957,15761,287,10271,14320,256,686,1441,31,2,1,0,0,3,0
LOLTMNT05_172033,complete,,LIT,2026,Winter,0,2026-01-09 19:37:42,1,16.01,9,Red,bot,RaptoSauros,oe:player:70b30a71a545f8ddc985a74cfb56ba5,Zena Esports,oe:team:01d50b1de5bdc717131b31c64378a5b,0,Corki,Wukong,Zaahen,Diana,Fiora,Alistar,,,,,,1934,0,2,2,6,12,18,0,0,0,0,0,0,0,0,0.3723,0.9307,,,,,,,,,,,,,,,,,,,,,0,0,,,,,,,,,,0,0,24005,744.7260,0.327191,544.7156,245.9876,6299,13,0.4033,7,0.2172,3,31,0.9617,13466,9245,286.8149,0.247133,12708,,,267,267,0,,,8.2834,3158,3309,77,3267,3647,85,-109,-338,-8,0,0,0,0,0,0,5423,5507,120,5657,5939,126,-234,-432,-6,0,2,0,1,0,0,7343,8009,165,7563,8325,178,-220,-316,-13,0,3,0,1,0,1,9500,10509,208,10312,10867,206,-812,-358,2,0,4,0,3,0,2
LOLTMNT05_172033,complete,,LIT,2026,Winter,0,2026-01-09 19:37:42,1,16.01,10,Red,sup,OrthoZero,oe:player:ccbcbffe165919f40f2833fbe5c8148,Zena Esports,oe:team:01d50b1de5bdc717131b31c64378a5b,0,Rell,Wukong,Zaahen,Diana,Fiora,Alistar,,,,,,1934,0,2,4,7,12,18,0,0,0,0,0,0,0,0,0.3723,0.9307,,,,,,,,,,,,,,,,,,,,,0,0,,,,,,,,,,0,1,5436,168.6453,0.0740933,564.8190,852.4716,68,58,1.7994,8,0.2482,9,111,3.4436,8681,4460,138.3661,0.119223,7955,,,25,25,0,,,0.7756,2101,2344,10,2411,2631,13,-310,-287,-3,0,0,0,0,0,0,3324,4128,12,3668,3988,19,-344,140,-7,0,2,0,0,1,2,4646,5298,22,4775,5123,22,-129,175,0,0,3,0,0,1,2,6013,5488,22,6488,7666,24,-475,-2178,-2,1,3,2,0,6,2
LOLTMNT05_172033,complete,,LIT,2026,Winter,0,2026-01-09 19:37:42,1,16.01,100,Blue,team,,,EKO Esports,oe:team:d455b12f2d0ae8596211073fb17c14d,1,,Yone,Yunara,Zac,Ambessa,Braum,Lillia,Miss Fortune,Syndra,Poppy,Darius,1934,1,18,12,37,18,12,2,0,0,0,1,,,,0.5584,0.9307,0,3,2,3,2,0,0,1,0,2,0,,0,0,1,1,0,3,0,1,2,0,0,0,1,11,3,1,1,45,19,3,0,81489,2528.0972,,3494.4261,2559.1830,42539,96,2.9783,43,1.3340,21,292,9.0589,66911,45806,1421.0755,,61860,0.0934364,1.84,,876,236,,,34.4984,17195,21326,376,15835,20466,364,1360,860,12,2,0,0,0,0,2,26814,34104,560,25074,32748,545,1740,1356,15,4,3,3,3,4,4,36600,45583,753,34039,44639,750,2561,944,3,4,3,4,4,7,4,48687,60578,902,43729,55761,899,4958,4817,3,9,15,6,6,10,9
LOLTMNT05_172033,complete,,LIT,2026,Winter,0,2026-01-09 19:37:42,1,16.01,200,Red,team,,,Zena Esports,oe:team:01d50b1de5bdc717131b31c64378a5b,0,,Wukong,Zaahen,Diana,Fiora,Alistar,Corki,Ryze,Jarvan IV,Rell,Aatrox,1934,0,12,18,22,12,18,0,0,0,0,0,,,,0.3723,0.9307,1,2,3,2,3,0,1,0,0,1,0,,0,0,0,0,1,0,3,0,0,2,0,0,0,3,11,0,0,19,45,0,3,73367,2276.1220,,3179.6277,2873.1127,15469,98,3.0403,31,0.9617,14,231,7.1665,58514,37409,1160.5688,,56338,-0.0934364,-1.84,,895,224,,,34.7156,15835,20466,364,17195,21326,376,-1360,-860,-12,0,0,2,2,0,0,25074,32748,545,26814,34104,560,-1740,-1356,-15,3,4,4,4,3,3,34039,44639,750,36600,45583,753,-2561,-944,-3,4,7,4,4,3,4,43729,55761,899,48687,60578,902,-4958,-4817,-3,6,10,9,9,15,6
LOLTMNT03_335584,complete,,LCKC,2026,Kickoff,0,2026-01-12 05:10:10,1,16.01,1,Blue,top,Janus,oe:player:b8441a3fc649ee4789bc3ded34f46d6,Nongshim Esports Academy,oe:team:7c64febcd5ccff13dcd035dc6867a00,0,Ambessa,Rumble,Azir,Orianna,Poppy,Ezreal,,,,,,1817,1,3,1,4,26,10,0,0,0,0,0,0,0,0,0.8586,1.1888,,,,,,,,,,,,,,,,,,,,,0,0,,,,,,,,,,0,0,18889,623.7424,0.174706,800.9026,1041.0347,9469,19,0.6274,1,0.0330,4,31,1.0237,11561,7579,250.2697,0.170126,10125,,,242,242,0,,,7.9912,3378,5211,90,3286,5214,88,92,-3,2,0,0,0,0,0,0,5748,8981,141,5302,8672,127,446,309,14,0,1,0,1,2,0,7713,12456,187,7143,11928,185,570,528,2,1,1,0,1,2,1,9194,15397,208,8781,14290,218,413,1107,-10,1,3,1,1,5,1
LOLTMNT03_335584,complete,,LCKC,2026,Kickoff,0,2026-01-12 05:10:10,1,16.01,2,Blue,jng,MihawK,oe:player:3be8d1a116788e4cd4853801a2e9a3d,Nongshim Esports Academy,oe:team:7c64febcd5ccff13dcd035dc6867a00,0,Jarvan IV,Rumble,Azir,Orianna,Poppy,Ezreal,,,,,,1817,1,7,1,18,26,10,0,0,0,0,1,1,0,0,0.8586,1.1888,,,,,,,,,,,,,,,,,,,,,1,0,,,,,,,,,,0,0,19168,632.9554,0.177286,977.5344,1171.7006,4116,9,0.2972,8,0.2642,7,50,1.6511,14038,10056,332.0638,0.22573,12425,,,194,9,185,,,6.4062,4562,3928,67,4167,4101,76,395,-173,-9,3,3,0,1,1,2,6497,6307,101,5889,6752,122,608,-445,-21,4,3,0,1,1,3,9311,10121,141,7635,9032,158,1676,1089,-17,5,7,0,1,1,3,11375,12723,168,9129,10619,176,2246,2104,-8,6,11,1,1,4,5
LOLTMNT03_335584,complete,,LCKC,2026,Kickoff,0,2026-01-12 05:10:10,1,16.01,3,Blue,mid,SeTab,oe:player:4ff7b91bbc9492e9f96d28dda496653,Nongshim Esports Academy,oe:team:7c64febcd5ccff13dcd035dc6867a00,0,Ryze,Rumble,Azir,Orianna,Poppy,Ezreal,,,,,,1817,1,3,1,12,26,10,0,0,0,0,0,0,0,0,0.8586,1.1888,,,,,,,,,,,,,,,,,,,,,0,0,,,,,,,,,,0,0,26198,865.0963,0.242307,675.1238,456.9180,9161,18,0.5944,7,0.2312,6,54,1.7832,12821,8839,291.8767,0.198411,11800,,,272,261,11,,,8.9818,3464,4909,91,3416,4841,94,48,68,-3,0,1,0,0,0,0,4972,6860,132,5496,7060,130,-524,-200,2,0,2,1,2,0,1,7847,10358,189,6931,9198,171,916,1160,18,2,3,1,2,0,3,10361,15076,235,10545,13059,218,-184,2017,17,3,6,1,5,0,3